<?xml version="1.0" encoding="UTF-8"?>
<con:soapui-project activeEnvironment="Default" name="61968-5/change/ReceiveDERGroupsOperationSet" resourceRoot="${projectDir}" soapui-version="4.5.2" abortOnError="false" runType="SEQUENTIAL" xmlns:con="http://eviware.com/soapui/config"><con:settings/><con:interface xsi:type="con:WsdlInterface" wsaVersion="NONE" name="DERGroupsOperationSet_Binding" type="wsdl" bindingName="{http://iec.ch/TC57/2017/ReceiveDERGroupsOperationSet}DERGroupsOperationSet_Binding" soapVersion="1_1" anonymous="optional" definition="ReceiveDERGroupsOperationSet.wsdl" xmlns:xsi="http://www.w3.org/2001/XMLSchema-instance"><con:settings/><con:definitionCache type="TEXT" rootPart="file:/Users/BenGoodwin/sixth-column/epri-summer-2017/IEC%2061968-5%20(DER)%20XSDs,%20WSDLs%20and%20Sample%20XML_6-20-2017/03-%20IEC%2061968-5%20Strongly-typed%20Messages%20and%20WSDLs/'change%20or%20delete'/ReceiveDERGroupsOperationSet.wsdl"><con:part><con:url>file:/Users/BenGoodwin/sixth-column/epri-summer-2017/IEC%2061968-5%20(DER)%20XSDs,%20WSDLs%20and%20Sample%20XML_6-20-2017/03-%20IEC%2061968-5%20Strongly-typed%20Messages%20and%20WSDLs/'change%20or%20delete'/ReceiveDERGroupsOperationSet.wsdl</con:url><con:content><![CDATA[<wsdl:definitions name="ReceiveDERGroupsOperationSet" targetNamespace="http://iec.ch/TC57/2017/ReceiveDERGroupsOperationSet" xmlns:tns="http://iec.ch/TC57/2017/ReceiveDERGroupsOperationSet" xmlns:http="http://schemas.xmlsoap.org/wsdl/http/" xmlns:soap="http://schemas.xmlsoap.org/wsdl/soap/" xmlns:wsdl="http://schemas.xmlsoap.org/wsdl/" xmlns:xs="http://www.w3.org/2001/XMLSchema" xmlns:wsi="http://ws-i.org/schemas/conformanceClaim/" xmlns:soapenc="http://schemas.xmlsoap.org/soap/encoding/" xmlns:tm="http://microsoft.com/wsdl/mime/textMatching/" xmlns:mime="http://schemas.xmlsoap.org/wsdl/mime/" xmlns:infoMessage="http://iec.ch/TC57/2017/DERGroupsOperationSetMessage" xmlns:ns="http://iec.ch/TC57/2011/schema/message" xmlns:ns1="http://iec.ch/TC57/2017/DERGroups#">
  <wsdl:types>
    <xs:schema targetNamespace="http://iec.ch/TC57/2017/ReceiveDERGroupsOperationSet" elementFormDefault="qualified">
      <xs:import namespace="http://iec.ch/TC57/2017/DERGroupsOperationSetMessage" schemaLocation="xsd/DERGroupsOperationSetMessage.xsd"/>
    </xs:schema>
  </wsdl:types>
  <wsdl:message name="ExecutedDERGroupsOperationSetEventMessage">
    <wsdl:part name="ExecutedDERGroupsOperationSetEventMessage" element="infoMessage:ExecutedDERGroupsOperationSet"/>
  </wsdl:message>
  <wsdl:message name="ResponseMessage">
    <wsdl:part name="ResponseMessage" element="infoMessage:DERGroupsOperationSetResponseMessage"/>
  </wsdl:message>
  <wsdl:message name="FaultMessage">
    <wsdl:part name="FaultMessage" element="infoMessage:DERGroupsOperationSetFaultMessage"/>
  </wsdl:message>
  <wsdl:portType name="DERGroupsOperationSet_Port">
    <wsdl:operation name="ExecutedDERGroupsOperationSet">
      <wsdl:input name="ExecutedDERGroupsOperationSetEvent" message="tns:ExecutedDERGroupsOperationSetEventMessage"/>
      <wsdl:output name="ExecutedDERGroupsOperationSetResponse" message="tns:ResponseMessage"/>
      <wsdl:fault name="ExecutedDERGroupsOperationSetFault" message="tns:FaultMessage"/>
    </wsdl:operation>
  </wsdl:portType>
  <wsdl:binding name="DERGroupsOperationSet_Binding" type="tns:DERGroupsOperationSet_Port">
    <soap:binding style="document" transport="http://schemas.xmlsoap.org/soap/http"/>
    <wsdl:operation name="ExecutedDERGroupsOperationSet">
      <soap:operation soapAction="http://iec.ch/TC57/2017/DERGroupsOperationSet/ExecutedDERGroupsOperationSet" style="document"/>
      <wsdl:input name="ExecutedDERGroupsOperationSetEvent">
        <soap:body use="literal"/>
      </wsdl:input>
      <wsdl:output name="ExecutedDERGroupsOperationSetResponse">
        <soap:body use="literal"/>
      </wsdl:output>
      <wsdl:fault name="ExecutedDERGroupsOperationSetFault">
        <soap:fault name="ExeutedDERGroupsOperationSetFault" use="literal"/>
      </wsdl:fault>
    </wsdl:operation>
  </wsdl:binding>
  <wsdl:service name="ReceiveDERGroupsOperationSet">
    <wsdl:port name="DERGroupsOperationSet_Port" binding="tns:DERGroupsOperationSet_Binding">
      <soap:address location="http://iec.ch/TC57/2017/ReceiveDERGroupsOperationSet"/>
    </wsdl:port>
  </wsdl:service>
</wsdl:definitions>]]></con:content><con:type>http://schemas.xmlsoap.org/wsdl/</con:type></con:part><con:part><con:url>file:/Users/BenGoodwin/sixth-column/epri-summer-2017/IEC%2061968-5%20(DER)%20XSDs,%20WSDLs%20and%20Sample%20XML_6-20-2017/03-%20IEC%2061968-5%20Strongly-typed%20Messages%20and%20WSDLs/'change%20or%20delete'/xsd/DERGroupsOperationSetMessage.xsd</con:url><con:content><![CDATA[<xs:schema targetNamespace="http://iec.ch/TC57/2017/DERGroupsOperationSetMessage" elementFormDefault="qualified" attributeFormDefault="unqualified" version="1.0.0" xmlns:tns="http://iec.ch/TC57/2017/DERGroupsOperationSetMessage" xmlns:xs="http://www.w3.org/2001/XMLSchema" xmlns:msg="http://iec.ch/TC57/2011/schema/message" xmlns:obj="http://iec.ch/TC57/2017/DERGroupsOperationSet#" xmlns:ns1="http://iec.ch/TC57/2017/DERGroups#">
  <!--Base Message Definitions-->
  <xs:import namespace="http://iec.ch/TC57/2011/schema/message" schemaLocation="Message.xsd"/>
  <!--CIM Information Object Definition-->
  <xs:import namespace="http://iec.ch/TC57/2017/DERGroups#" schemaLocation="DERGroups.xsd"/>
  <!--PayloadType Definition-->
  <xs:complexType name="DERGroupsPayloadType">
    <xs:sequence>
      <xs:element name="OperationSet" type="msg:OperationSet" minOccurs="0"/>
      <xs:element name="Compressed" type="xs:string" minOccurs="0">
        <xs:annotation>
          <xs:documentation>For compressed and/or binary, uuencoded payloads</xs:documentation>
        </xs:annotation>
      </xs:element>
      <xs:element name="Format" type="xs:string" minOccurs="0">
        <xs:annotation>
          <xs:documentation>Hint as to format of payload, e.g. XML, RDF, SVF, BINARY, PDF, ...</xs:documentation>
        </xs:annotation>
      </xs:element>
    </xs:sequence>
  </xs:complexType>
  <!--Message Types-->
  <!--RequestMessageType-->
  <xs:complexType name="DERGroupsOperationSetRequestMessageType">
    <xs:sequence>
      <xs:element name="Header" type="msg:HeaderType"/>
      <xs:element name="Request" type="msg:RequestType" minOccurs="0"/>
      <xs:element name="Payload" type="tns:DERGroupsPayloadType" minOccurs="0"/>
    </xs:sequence>
  </xs:complexType>
  <!--ResponseMessageType-->
  <xs:complexType name="DERGroupsOperationSetResponseMessageType">
    <xs:sequence>
      <xs:element name="Header" type="msg:HeaderType"/>
      <xs:element name="Reply" type="msg:ReplyType"/>
      <xs:element name="Payload" type="tns:DERGroupsPayloadType" minOccurs="0"/>
    </xs:sequence>
  </xs:complexType>
  <!--EventMessageType-->
  <xs:complexType name="DERGroupsOperationSetEventMessageType">
    <xs:sequence>
      <xs:element name="Header" type="msg:HeaderType"/>
      <xs:element name="Payload" type="tns:DERGroupsPayloadType" minOccurs="0"/>
    </xs:sequence>
  </xs:complexType>
  <!--FaultMessageType-->
  <xs:complexType name="DERGroupsOperationSetFaultMessageType">
    <xs:sequence>
      <xs:element name="Reply" type="msg:ReplyType"/>
    </xs:sequence>
  </xs:complexType>
  <xs:element name="ExecuteDERGroupsOperationSet" type="tns:DERGroupsOperationSetRequestMessageType"/>
  <xs:element name="ExecutedDERGroupsOperationSet" type="tns:DERGroupsOperationSetEventMessageType"/>
  <xs:element name="DERGroupsOperationSetResponseMessage" type="tns:DERGroupsOperationSetResponseMessageType"/>
  <xs:element name="DERGroupsOperationSetFaultMessage" type="tns:DERGroupsOperationSetFaultMessageType"/>
</xs:schema>]]></con:content><con:type>http://www.w3.org/2001/XMLSchema</con:type></con:part><con:part><con:url>file:/Users/BenGoodwin/sixth-column/epri-summer-2017/IEC%2061968-5%20(DER)%20XSDs,%20WSDLs%20and%20Sample%20XML_6-20-2017/03-%20IEC%2061968-5%20Strongly-typed%20Messages%20and%20WSDLs/'change%20or%20delete'/xsd/Message.xsd</con:url><con:content><![CDATA[<!--Common Message Specification for IEC 61968-->
<!--Change Log-->
<!--2010/12/15 Added OperationSet to Payload-->
<!--2011/03/09 Corrected FaultMessageType-->
<!--2011/03/09 Baseline for version control-->
<!--2011/03/10 Created type definitions for OperationSet and Operation to improve compatibility with SoapUI-->
<!--2011/05/06 Removed deprecated verbs, added 'executed'-->
<!--2011/05/06 Changed base namespace to follow WG14 convention of 'iec.ch'-->
<!--2012/02/10 Added relatedObject to Error element-->
<!--2012/02/11 Created a new ObjectType for use in Error element-->
<!--2012/02/11 Removed enumeration for Header.Context-->
<!--2012/02/12 Added note that Error.object.Name elements are deprecated-->
<!--2012/02/12 Added more comments to message elements-->
<!--2012/02/16 Corrected comment for Reply.Error.level-->
<!--2012/02/16 Revised comment for Reply.Error.code-->
<!--2012/02/22 Added ID to Payload for optional use by close/cancel/delete-->
<!--2012/02/22 Extended ID elements to have attributes for idType, idAuthority, iSmRID-->
<!--2012/02/22 Extended ErrorType elements to use ID and relatedID elements, with deprecation of object-->
<!--2012/02/24 Added kind attribute to ID elements in place of iSmRID-->
<!--2012/03/19 Corrected ID and relatedID definitions in ErrorType-->
<!--2012/03/20 Revised ID elements to use an attribute group-->
<!--2012/03/21 Corrected Payload.ID elements-->
<!--2012/04/03 Corrected Reply.Error.object.Name-->
<!--2012/04/03 Corrected Header.User.Organization made optional-->
<!--2012/06/08 Updated IDatts attribute group to include objectType attribute as string-->
<!--2012/10/14 corrections and revisions to annotations for FDIS-->
<xs:schema targetNamespace="http://iec.ch/TC57/2011/schema/message" elementFormDefault="qualified" attributeFormDefault="unqualified" version="1.0.0" xmlns="http://iec.ch/TC57/2011/schema/message" xmlns:xs="http://www.w3.org/2001/XMLSchema">
  <xs:complexType name="RequestType">
    <xs:annotation>
      <xs:documentation>Request type definition</xs:documentation>
    </xs:annotation>
    <xs:sequence>
      <xs:annotation>
        <xs:documentation>Request package is typically used to supply parameters for 'get' requests</xs:documentation>
      </xs:annotation>
      <xs:element name="StartTime" type="xs:dateTime" minOccurs="0">
        <xs:annotation>
          <xs:documentation>Start time of interest</xs:documentation>
        </xs:annotation>
      </xs:element>
      <xs:element name="EndTime" type="xs:dateTime" minOccurs="0">
        <xs:annotation>
          <xs:documentation>End time of interest</xs:documentation>
        </xs:annotation>
      </xs:element>
      <xs:element name="Option" type="OptionType" minOccurs="0" maxOccurs="unbounded">
        <xs:annotation>
          <xs:documentation>Request type specialization</xs:documentation>
        </xs:annotation>
      </xs:element>
      <xs:element name="ID" minOccurs="0" maxOccurs="unbounded">
        <xs:annotation>
          <xs:documentation>Object ID for request</xs:documentation>
        </xs:annotation>
        <xs:complexType>
          <xs:simpleContent>
            <xs:extension base="xs:string">
              <xs:attributeGroup ref="IDatts"/>
            </xs:extension>
          </xs:simpleContent>
        </xs:complexType>
      </xs:element>
      <xs:any namespace="##other" processContents="lax" minOccurs="0" maxOccurs="unbounded">
        <xs:annotation>
          <xs:documentation>This can be a CIM profile defined as an XSD with a CIM-specific namespace This may also be used for custom extensions.</xs:documentation>
        </xs:annotation>
      </xs:any>
    </xs:sequence>
  </xs:complexType>
  <xs:complexType name="ReplyType">
    <xs:annotation>
      <xs:documentation>Reply type definition</xs:documentation>
    </xs:annotation>
    <xs:sequence>
      <xs:annotation>
        <xs:documentation>Reply package is used to confirm success or report errors</xs:documentation>
      </xs:annotation>
      <xs:element name="Result">
        <xs:annotation>
          <xs:documentation>Reply code: OK, PARTIAL or FAILED</xs:documentation>
        </xs:annotation>
        <xs:simpleType>
          <xs:restriction base="xs:string">
            <xs:enumeration value="OK"/>
            <xs:enumeration value="PARTIAL"/>
            <xs:enumeration value="FAILED"/>
          </xs:restriction>
        </xs:simpleType>
      </xs:element>
      <xs:element name="Error" type="ErrorType" minOccurs="0" maxOccurs="unbounded">
        <xs:annotation>
          <xs:documentation>Reply details describing one or more errors</xs:documentation>
        </xs:annotation>
      </xs:element>
      <xs:element name="ID" minOccurs="0" maxOccurs="unbounded">
        <xs:annotation>
          <xs:documentation>Resulting transaction ID (usually consequence of create)</xs:documentation>
        </xs:annotation>
        <xs:complexType>
          <xs:simpleContent>
            <xs:extension base="xs:string">
              <xs:attributeGroup ref="IDatts"/>
            </xs:extension>
          </xs:simpleContent>
        </xs:complexType>
      </xs:element>
      <xs:any namespace="##other" processContents="lax" minOccurs="0" maxOccurs="unbounded">
        <xs:annotation>
          <xs:documentation>Used for custom extensions</xs:documentation>
        </xs:annotation>
      </xs:any>
      <xs:element name="operationId" type="xs:integer" minOccurs="0">
        <xs:annotation>
          <xs:documentation>The reply.operationId provides the unique identifier of the Operation for which this reply.result is relevant. Thus, it is  assumed that this is a partial reply in direct response to one of the operations contained in an OperationSet request.</xs:documentation>
        </xs:annotation>
      </xs:element>
    </xs:sequence>
  </xs:complexType>
  <xs:complexType name="PayloadType">
    <xs:annotation>
      <xs:documentation>Payload container</xs:documentation>
    </xs:annotation>
    <xs:sequence>
      <xs:choice>
        <xs:any namespace="##other" processContents="skip" minOccurs="0" maxOccurs="unbounded">
          <xs:annotation>
            <xs:documentation>For XML payloads, usually CIM profiles defined using an XSD in a profile-specific namespace. May also be used for custom extensions.</xs:documentation>
          </xs:annotation>
        </xs:any>
        <xs:element name="OperationSet" type="OperationSet" minOccurs="0">
          <xs:annotation>
            <xs:documentation>Each operation set is a collection of operations that may require operational-integrity and/or sequence control.</xs:documentation>
          </xs:annotation>
        </xs:element>
        <xs:element name="Compressed" type="xs:string" minOccurs="0">
          <xs:annotation>
            <xs:documentation>For compressed and/or binary, uuencoded payloads If compressed, Gzip compression is used.</xs:documentation>
          </xs:annotation>
        </xs:element>
        <xs:element name="ID" minOccurs="0" maxOccurs="unbounded">
          <xs:annotation>
            <xs:documentation>Used to supply object IDs for cancel/close/delete operations in cases where they are not otherwise specified using a type-specific payload</xs:documentation>
          </xs:annotation>
          <xs:complexType>
            <xs:simpleContent>
              <xs:extension base="xs:string">
                <xs:attributeGroup ref="IDatts"/>
              </xs:extension>
            </xs:simpleContent>
          </xs:complexType>
        </xs:element>
      </xs:choice>
      <xs:element name="Format" type="xs:string" minOccurs="0">
        <xs:annotation>
          <xs:documentation>Hint as to format of payload, e.g. XML, RDF, SVF, BINARY, PDF, ...</xs:documentation>
        </xs:annotation>
      </xs:element>
    </xs:sequence>
  </xs:complexType>
  <xs:complexType name="OperationType">
    <xs:annotation>
      <xs:documentation>For master data set synchronization XML payloads.</xs:documentation>
    </xs:annotation>
    <xs:sequence>
      <xs:element name="operationId" type="xs:integer">
        <xs:annotation>
          <xs:documentation>The payload.operation.operationId provides the unique identifier (within the OperationSet) of the Operation for the purpose of reference in subsequent messages (e.g. OperationSet reply).</xs:documentation>
        </xs:annotation>
      </xs:element>
      <xs:element name="noun" type="xs:string" minOccurs="0">
        <xs:annotation>
          <xs:documentation>The payload.operation.##other also identifies the noun, this element is optionally supplied to simplify processing.</xs:documentation>
        </xs:annotation>
      </xs:element>
      <xs:element name="verb" type="xs:string" minOccurs="0">
        <xs:annotation>
          <xs:documentation>"create", "delete", "change", etc.</xs:documentation>
        </xs:annotation>
      </xs:element>
      <xs:element name="elementOperation" type="xs:boolean" default="false" minOccurs="0">
        <xs:annotation>
          <xs:documentation>TRUE if the verb is operating at the element level. In such a case, the verb is to be applied to the elements populated in the payload.operation.##other below. If omitted, assume FALSE.</xs:documentation>
        </xs:annotation>
      </xs:element>
      <xs:any namespace="##other" processContents="skip" minOccurs="0">
        <xs:annotation>
          <xs:documentation>An XML payload which carries a CIM profile defined using an XSD in a profile-specific namespace. Individual payloads are used collectively to create a series of related operations. See the "enforce" boolean flags in the header for instructions on how to process these messages.</xs:documentation>
        </xs:annotation>
      </xs:any>
    </xs:sequence>
  </xs:complexType>
  <xs:complexType name="OperationSet">
    <xs:annotation>
      <xs:documentation>Each operation set is a collection of operations that may require operational-integrity and/or sequence control.</xs:documentation>
    </xs:annotation>
    <xs:sequence>
      <xs:element name="enforceMsgSequence" type="xs:boolean" minOccurs="0">
        <xs:annotation>
          <xs:documentation>If set to TRUE, the Operation.##other messages must be processed in the sequence presented. If omitted, assume FALSE.</xs:documentation>
        </xs:annotation>
      </xs:element>
      <xs:element name="enforceTransactionalIntegrity" type="xs:boolean" minOccurs="0">
        <xs:annotation>
          <xs:documentation>Set to TRUE when all of the Operation.##other messages must be processed successfully or else the entire message set must be rolled back. If omitted, assume FALSE.</xs:documentation>
        </xs:annotation>
      </xs:element>
      <xs:element name="Operation" type="OperationType" minOccurs="0" maxOccurs="unbounded"/>
    </xs:sequence>
  </xs:complexType>
  <xs:complexType name="ReplayDetectionType">
    <xs:annotation>
      <xs:documentation>Used to detect and prevent replay attacks</xs:documentation>
    </xs:annotation>
    <xs:sequence>
      <xs:element name="Nonce" type="xs:string"/>
      <xs:element name="Created" type="xs:dateTime"/>
    </xs:sequence>
  </xs:complexType>
  <xs:complexType name="UserType">
    <xs:annotation>
      <xs:documentation>User type definition</xs:documentation>
    </xs:annotation>
    <xs:sequence>
      <xs:element name="UserID" type="xs:string">
        <xs:annotation>
          <xs:documentation>User identifier</xs:documentation>
        </xs:annotation>
      </xs:element>
      <xs:element name="Organization" type="xs:string" minOccurs="0">
        <xs:annotation>
          <xs:documentation>User parent organization identifier</xs:documentation>
        </xs:annotation>
      </xs:element>
    </xs:sequence>
  </xs:complexType>
  <xs:complexType name="HeaderType">
    <xs:annotation>
      <xs:documentation>Message header type definition</xs:documentation>
    </xs:annotation>
    <xs:sequence>
      <xs:annotation>
        <xs:documentation>Message header contains control and descriptive information about the message.</xs:documentation>
      </xs:annotation>
      <xs:element name="Verb">
        <xs:annotation>
          <xs:documentation>This enumerated list of verbs that can be used to form message types in compliance with the IEC 61968 standard.</xs:documentation>
        </xs:annotation>
        <xs:simpleType>
          <xs:restriction base="xs:string">
            <xs:enumeration value="cancel"/>
            <xs:enumeration value="canceled"/>
            <xs:enumeration value="change"/>
            <xs:enumeration value="changed"/>
            <xs:enumeration value="create"/>
            <xs:enumeration value="created"/>
            <xs:enumeration value="close"/>
            <xs:enumeration value="closed"/>
            <xs:enumeration value="delete"/>
            <xs:enumeration value="deleted"/>
            <xs:enumeration value="get"/>
            <xs:enumeration value="reply"/>
            <xs:enumeration value="execute"/>
            <xs:enumeration value="executed"/>
          </xs:restriction>
        </xs:simpleType>
      </xs:element>
      <xs:element name="Noun" type="xs:string">
        <xs:annotation>
          <xs:documentation>The Noun of the Control Area identifies the main subject of the message type, typically a real world object defined in the CIM.</xs:documentation>
        </xs:annotation>
      </xs:element>
      <xs:element name="Revision" type="xs:string" minOccurs="0">
        <xs:annotation>
          <xs:documentation>Revision level of the message type.</xs:documentation>
        </xs:annotation>
      </xs:element>
      <xs:element name="ReplayDetection" type="ReplayDetectionType" minOccurs="0">
        <xs:annotation>
          <xs:documentation>Use to introduce randomness in the message to enhance effectiveness of encryption</xs:documentation>
        </xs:annotation>
      </xs:element>
      <xs:element name="Context" type="xs:string" minOccurs="0">
        <xs:annotation>
          <xs:documentation>Intended context for information usage, e.g. PRODUCTION, TESTING, TRAINING, ...</xs:documentation>
        </xs:annotation>
      </xs:element>
      <xs:element name="Timestamp" type="xs:dateTime" minOccurs="0">
        <xs:annotation>
          <xs:documentation>Application level relevant time and date for when this  instance of the message type was produced.  This is not intended to be used by middleware for message management.</xs:documentation>
        </xs:annotation>
      </xs:element>
      <xs:element name="Source" type="xs:string" minOccurs="0">
        <xs:annotation>
          <xs:documentation>Source system or application that sends the message</xs:documentation>
        </xs:annotation>
      </xs:element>
      <xs:element name="AsyncReplyFlag" type="xs:boolean" minOccurs="0">
        <xs:annotation>
          <xs:documentation>Indicates whether or not reply should be asynchronous</xs:documentation>
        </xs:annotation>
      </xs:element>
      <xs:element name="ReplyAddress" type="xs:string" minOccurs="0">
        <xs:annotation>
          <xs:documentation>Address to be used for asynchronous replies, typically a URL/topic/queue.</xs:documentation>
        </xs:annotation>
      </xs:element>
      <xs:element name="AckRequired" type="xs:boolean" minOccurs="0">
        <xs:annotation>
          <xs:documentation>Indicates whether or not an acknowledgement is required</xs:documentation>
        </xs:annotation>
      </xs:element>
      <xs:element name="User" type="UserType" minOccurs="0">
        <xs:annotation>
          <xs:documentation>User information of the sender</xs:documentation>
        </xs:annotation>
      </xs:element>
      <xs:element name="MessageID" type="xs:string" minOccurs="0">
        <xs:annotation>
          <xs:documentation>Unique message ID to be used for tracking messages</xs:documentation>
        </xs:annotation>
      </xs:element>
      <xs:element name="CorrelationID" type="xs:string" minOccurs="0">
        <xs:annotation>
          <xs:documentation>ID to be used by applications for correlating replies</xs:documentation>
        </xs:annotation>
      </xs:element>
      <xs:element name="Comment" type="xs:string" minOccurs="0">
        <xs:annotation>
          <xs:documentation>Optional comment</xs:documentation>
        </xs:annotation>
      </xs:element>
      <xs:element name="Property" type="MessageProperty" minOccurs="0" maxOccurs="unbounded">
        <xs:annotation>
          <xs:documentation>Message properties can be used to identify information needed for extended routing and filtering capabilities</xs:documentation>
        </xs:annotation>
      </xs:element>
      <xs:any namespace="##other" processContents="lax" minOccurs="0" maxOccurs="unbounded">
        <xs:annotation>
          <xs:documentation>Used to allow custom extensions</xs:documentation>
        </xs:annotation>
      </xs:any>
    </xs:sequence>
  </xs:complexType>
  <xs:element name="Message" type="MessageType">
    <xs:annotation>
      <xs:documentation>Common IEC 61968 Message Definition</xs:documentation>
    </xs:annotation>
  </xs:element>
  <xs:complexType name="MessageProperty">
    <xs:annotation>
      <xs:documentation>Message properties can be used for extended routing and filtering</xs:documentation>
    </xs:annotation>
    <xs:sequence>
      <xs:element name="Name" type="xs:string"/>
      <xs:element name="Value" type="xs:string" minOccurs="0"/>
    </xs:sequence>
  </xs:complexType>
  <xs:element name="RequestMessage" type="RequestMessageType">
    <xs:annotation>
      <xs:documentation>Request message structure</xs:documentation>
    </xs:annotation>
  </xs:element>
  <xs:element name="ResponseMessage" type="ResponseMessageType">
    <xs:annotation>
      <xs:documentation>Response message structure</xs:documentation>
    </xs:annotation>
  </xs:element>
  <xs:element name="EventMessage" type="EventMessageType">
    <xs:annotation>
      <xs:documentation>Event message structure.</xs:documentation>
    </xs:annotation>
  </xs:element>
  <xs:complexType name="MessageType">
    <xs:annotation>
      <xs:documentation>Generic Message Type</xs:documentation>
    </xs:annotation>
    <xs:sequence>
      <xs:element name="Header" type="HeaderType"/>
      <xs:element name="Request" type="RequestType" minOccurs="0"/>
      <xs:element name="Reply" type="ReplyType" minOccurs="0"/>
      <xs:element name="Payload" type="PayloadType" minOccurs="0"/>
    </xs:sequence>
  </xs:complexType>
  <xs:complexType name="RequestMessageType">
    <xs:annotation>
      <xs:documentation>Request Message Type, which will typically result in a ResponseMessage to be returned. This is typically used to initiate a transaction or a query request.</xs:documentation>
    </xs:annotation>
    <xs:sequence>
      <xs:element name="Header" type="HeaderType"/>
      <xs:element name="Request" type="RequestType" minOccurs="0"/>
      <xs:element name="Payload" type="PayloadType" minOccurs="0"/>
    </xs:sequence>
  </xs:complexType>
  <xs:complexType name="ResponseMessageType">
    <xs:annotation>
      <xs:documentation>Response MessageType, typically used to reply to a RequestMessage</xs:documentation>
    </xs:annotation>
    <xs:sequence>
      <xs:element name="Header" type="HeaderType"/>
      <xs:element name="Reply" type="ReplyType"/>
      <xs:element name="Payload" type="PayloadType" minOccurs="0"/>
    </xs:sequence>
  </xs:complexType>
  <xs:complexType name="FaultMessageType">
    <xs:annotation>
      <xs:documentation>Fault Message Type, which is used in cases where the incoming message (including the header) cannot be parsed</xs:documentation>
    </xs:annotation>
    <xs:sequence>
      <xs:element name="Reply" type="ReplyType"/>
    </xs:sequence>
  </xs:complexType>
  <xs:complexType name="EventMessageType">
    <xs:annotation>
      <xs:documentation>Event Message Type, which is used to indicate a condition of potential interest. Note that the Payload may be required in the future.</xs:documentation>
    </xs:annotation>
    <xs:sequence>
      <xs:element name="Header" type="HeaderType"/>
      <xs:element name="Payload" type="PayloadType" minOccurs="0"/>
    </xs:sequence>
  </xs:complexType>
  <xs:complexType name="ErrorType">
    <xs:annotation>
      <xs:documentation>Error Structure</xs:documentation>
    </xs:annotation>
    <xs:sequence>
      <xs:element name="code" type="xs:string">
        <xs:annotation>
          <xs:documentation>Defined error code, as defined by IEC 61968-100, related standards or local implementation</xs:documentation>
        </xs:annotation>
      </xs:element>
      <xs:element name="level" minOccurs="0">
        <xs:annotation>
          <xs:documentation>Severity level, e.g. INFORM, WARNING, FATAL, CATASTROPHIC</xs:documentation>
        </xs:annotation>
        <xs:simpleType>
          <xs:restriction base="xs:string">
            <xs:enumeration value="INFORM"/>
            <xs:enumeration value="WARNING"/>
            <xs:enumeration value="FATAL"/>
            <xs:enumeration value="CATASTROPHIC"/>
          </xs:restriction>
        </xs:simpleType>
      </xs:element>
      <xs:element name="reason" type="xs:string" minOccurs="0">
        <xs:annotation>
          <xs:documentation>Description of the error</xs:documentation>
        </xs:annotation>
      </xs:element>
      <xs:element name="details" type="xs:string" minOccurs="0">
        <xs:annotation>
          <xs:documentation>Free form detailed text description of error</xs:documentation>
        </xs:annotation>
      </xs:element>
      <xs:element name="xpath" type="xs:QName" minOccurs="0">
        <xs:annotation>
          <xs:documentation>XPath expression to identify specific XML element</xs:documentation>
        </xs:annotation>
      </xs:element>
      <xs:element name="stackTrace" type="xs:string" minOccurs="0">
        <xs:annotation>
          <xs:documentation>Stack trace as generated by software upon exception</xs:documentation>
        </xs:annotation>
      </xs:element>
      <xs:element name="Location" type="LocationType" minOccurs="0">
        <xs:annotation>
          <xs:documentation>Location of exception within software</xs:documentation>
        </xs:annotation>
      </xs:element>
      <xs:element name="ID" minOccurs="0">
        <xs:annotation>
          <xs:documentation>ID of object</xs:documentation>
        </xs:annotation>
        <xs:complexType>
          <xs:simpleContent>
            <xs:extension base="xs:string">
              <xs:attributeGroup ref="IDatts"/>
            </xs:extension>
          </xs:simpleContent>
        </xs:complexType>
      </xs:element>
      <xs:element name="relatedID" minOccurs="0">
        <xs:annotation>
          <xs:documentation>ID of related object, used in cases where there is an error between the relationship of two objects</xs:documentation>
        </xs:annotation>
        <xs:complexType>
          <xs:simpleContent>
            <xs:extension base="xs:string">
              <xs:attributeGroup ref="IDatts"/>
            </xs:extension>
          </xs:simpleContent>
        </xs:complexType>
      </xs:element>
      <xs:element name="object" type="ObjectType" minOccurs="0">
        <xs:annotation>
          <xs:documentation>Deprecated</xs:documentation>
        </xs:annotation>
      </xs:element>
      <xs:element name="operationId" type="xs:integer" minOccurs="0">
        <xs:annotation>
          <xs:documentation>The reply.operationId provides the unique identifier of the Operation for which this reply.result.error is relevant. Thus, it is  assumed that this is an error from one of the operations contained in an OperationSet request.</xs:documentation>
        </xs:annotation>
      </xs:element>
    </xs:sequence>
  </xs:complexType>
  <xs:complexType name="OptionType">
    <xs:annotation>
      <xs:documentation>Request options</xs:documentation>
    </xs:annotation>
    <xs:sequence>
      <xs:element name="name" type="xs:string"/>
      <xs:element name="value" type="xs:string" minOccurs="0"/>
    </xs:sequence>
  </xs:complexType>
  <xs:complexType name="LocationType">
    <xs:annotation>
      <xs:documentation>Process location where error was encountered</xs:documentation>
    </xs:annotation>
    <xs:sequence>
      <xs:element name="node" type="xs:string" minOccurs="0">
        <xs:annotation>
          <xs:documentation>Name of the pipeline/branch/route node where error occurred</xs:documentation>
        </xs:annotation>
      </xs:element>
      <xs:element name="pipeline" type="xs:string" minOccurs="0">
        <xs:annotation>
          <xs:documentation>Name of the pipeline where error occurred (if applicable)</xs:documentation>
        </xs:annotation>
      </xs:element>
      <xs:element name="stage" type="xs:string" minOccurs="0">
        <xs:annotation>
          <xs:documentation>Name of the stage where error occurred (if applicable)</xs:documentation>
        </xs:annotation>
      </xs:element>
    </xs:sequence>
  </xs:complexType>
  <xs:complexType name="ObjectType">
    <xs:annotation>
      <xs:documentation>Used to identify an object of interest</xs:documentation>
    </xs:annotation>
    <xs:sequence>
      <xs:element name="mRID" type="xs:string" minOccurs="0">
        <xs:annotation>
          <xs:documentation>A UUID-based name for the object</xs:documentation>
        </xs:annotation>
      </xs:element>
      <xs:element name="Name" type="Name" minOccurs="0" maxOccurs="unbounded">
        <xs:annotation>
          <xs:documentation>The Name structure is deprecated. It will be completely removed in the next edition</xs:documentation>
        </xs:annotation>
      </xs:element>
      <xs:element name="objectType" type="xs:string" minOccurs="0">
        <xs:annotation>
          <xs:documentation>Type of object</xs:documentation>
        </xs:annotation>
      </xs:element>
    </xs:sequence>
  </xs:complexType>
  <xs:complexType name="NameType">
    <xs:annotation>
      <xs:documentation>From CIM</xs:documentation>
    </xs:annotation>
    <xs:sequence>
      <xs:element name="name" type="xs:string"/>
      <xs:element name="description" type="xs:string" minOccurs="0"/>
      <xs:element name="NameTypeAuthority" type="NameTypeAuthority" minOccurs="0"/>
    </xs:sequence>
  </xs:complexType>
  <xs:complexType name="Name">
    <xs:annotation>
      <xs:documentation>From CIM</xs:documentation>
    </xs:annotation>
    <xs:sequence>
      <xs:element name="name" type="xs:string"/>
      <xs:element name="NameType" type="NameType" minOccurs="0"/>
    </xs:sequence>
  </xs:complexType>
  <xs:complexType name="NameTypeAuthority">
    <xs:annotation>
      <xs:documentation>From CIM</xs:documentation>
    </xs:annotation>
    <xs:sequence>
      <xs:element name="name" type="xs:string"/>
      <xs:element name="description" type="xs:string" minOccurs="0"/>
    </xs:sequence>
  </xs:complexType>
  <xs:element name="FaultMessage" type="FaultMessageType">
    <xs:annotation>
      <xs:documentation>Fault message structure</xs:documentation>
    </xs:annotation>
  </xs:element>
  <xs:simpleType name="IDKindType">
    <xs:annotation>
      <xs:documentation>ID Kind Type</xs:documentation>
    </xs:annotation>
    <xs:restriction base="xs:string">
      <xs:enumeration value="name"/>
      <xs:enumeration value="uuid"/>
      <xs:enumeration value="transaction"/>
      <xs:enumeration value="other"/>
    </xs:restriction>
  </xs:simpleType>
  <xs:attributeGroup name="IDatts">
    <xs:annotation>
      <xs:documentation>ID attribute group</xs:documentation>
    </xs:annotation>
    <xs:attribute name="idType" type="xs:string"/>
    <xs:attribute name="idAuthority" type="xs:string"/>
    <xs:attribute name="kind" type="IDKindType"/>
    <xs:attribute name="objectType" type="xs:string"/>
  </xs:attributeGroup>
</xs:schema>]]></con:content><con:type>http://www.w3.org/2001/XMLSchema</con:type></con:part><con:part><con:url>file:/Users/BenGoodwin/sixth-column/epri-summer-2017/IEC%2061968-5%20(DER)%20XSDs,%20WSDLs%20and%20Sample%20XML_6-20-2017/03-%20IEC%2061968-5%20Strongly-typed%20Messages%20and%20WSDLs/'change%20or%20delete'/xsd/DERGroups.xsd</con:url><con:content><![CDATA[<xs:schema targetNamespace="http://iec.ch/TC57/2017/DERGroups#" elementFormDefault="qualified" attributeFormDefault="unqualified" xmlns:xs="http://www.w3.org/2001/XMLSchema" xmlns:a="http://langdale.com.au/2005/Message#" xmlns:sawsdl="http://www.w3.org/ns/sawsdl" xmlns="http://langdale.com.au/2005/Message#" xmlns:m="http://iec.ch/TC57/2017/DERGroups#">
  <xs:annotation>
    <xs:documentation/>
  </xs:annotation>
  <xs:element name="DERGroups" type="m:DERGroups"/>
  <xs:complexType name="DERGroups">
    <xs:sequence>
      <xs:element name="EndDeviceGroup" type="m:EndDeviceGroup" minOccurs="1" maxOccurs="unbounded"/>
    </xs:sequence>
  </xs:complexType>
  <xs:complexType name="DERFunction" sawsdl:modelReference="http://iec.ch/TC57/CIM-generic#DERFunction">
    <xs:annotation/>
    <xs:sequence>
      <xs:element name="connectDisconnect" minOccurs="1" maxOccurs="1" type="xs:boolean" sawsdl:modelReference="http://iec.ch/TC57/CIM-generic#DERFunction.connectDisconnect">
        <xs:annotation/>
      </xs:element>
      <xs:element name="frequencyWattCurveFunction" minOccurs="1" maxOccurs="1" type="xs:boolean" sawsdl:modelReference="http://iec.ch/TC57/CIM-generic#DERFunction.frequencyWattCurveFunction">
        <xs:annotation/>
      </xs:element>
      <xs:element name="maxRealPowerLimiting" minOccurs="1" maxOccurs="1" type="xs:boolean" sawsdl:modelReference="http://iec.ch/TC57/CIM-generic#DERFunction.maxRealPowerLimiting">
        <xs:annotation/>
      </xs:element>
      <xs:element name="rampRateControl" minOccurs="1" maxOccurs="1" type="xs:boolean" sawsdl:modelReference="http://iec.ch/TC57/CIM-generic#DERFunction.rampRateControl">
        <xs:annotation/>
      </xs:element>
      <xs:element name="reactivePowerDispatch" minOccurs="1" maxOccurs="1" type="xs:boolean" sawsdl:modelReference="http://iec.ch/TC57/CIM-generic#DERFunction.reactivePowerDispatch">
        <xs:annotation/>
      </xs:element>
      <xs:element name="realPowerDispatch" minOccurs="1" maxOccurs="1" type="xs:boolean" sawsdl:modelReference="http://iec.ch/TC57/CIM-generic#DERFunction.realPowerDispatch">
        <xs:annotation/>
      </xs:element>
      <xs:element name="voltageRegulation" minOccurs="1" maxOccurs="1" type="xs:boolean" sawsdl:modelReference="http://iec.ch/TC57/CIM-generic#DERFunction.voltageRegulation">
        <xs:annotation/>
      </xs:element>
      <xs:element name="voltVarCurveFunction" minOccurs="1" maxOccurs="1" type="xs:boolean" sawsdl:modelReference="http://iec.ch/TC57/CIM-generic#DERFunction.voltVarCurveFunction">
        <xs:annotation/>
      </xs:element>
      <xs:element name="voltWattCurveFunction" minOccurs="1" maxOccurs="1" type="xs:boolean" sawsdl:modelReference="http://iec.ch/TC57/CIM-generic#DERFunction.voltWattCurveFunction">
        <xs:annotation/>
      </xs:element>
    </xs:sequence>
  </xs:complexType>
  <xs:complexType name="EndDevice" sawsdl:modelReference="http://iec.ch/TC57/CIM-generic#EndDevice">
    <xs:annotation>
      <xs:documentation>Asset container that performs one or more end device functions. One type of end device is a meter which can perform metering, load management, connect/disconnect, accounting functions, etc. Some end devices, such as ones monitoring and controlling air conditioners, refrigerators, pool pumps may be connected to a meter. All end devices may have communication capability defined by the associated communication function(s). An end device may be owned by a consumer, a service provider, utility or otherwise.</xs:documentation>
      <xs:documentation>There may be a related end device function that identifies a sensor or control point within a metering application or communications systems (e.g., water, gas, electricity).</xs:documentation>
      <xs:documentation>Some devices may use an optical port that conforms to the ANSI C12.18 standard for communications.</xs:documentation>
    </xs:annotation>
    <xs:sequence>
      <xs:element name="mRID" minOccurs="0" maxOccurs="1" type="xs:string" sawsdl:modelReference="http://iec.ch/TC57/CIM-generic#IdentifiedObject.mRID">
        <xs:annotation>
          <xs:documentation>Master resource identifier issued by a model authority. The mRID is unique within an exchange context. Global uniqueness is easily achieved by using a UUID,  as specified in RFC 4122, for the mRID. The use of UUID is strongly recommended.</xs:documentation>
          <xs:documentation>For CIMXML data files in RDF syntax conforming to IEC 61970-552 Edition 1, the mRID is mapped to rdf:ID or rdf:about attributes that identify CIM object elements.</xs:documentation>
        </xs:annotation>
      </xs:element>
      <xs:element name="Names" minOccurs="0" maxOccurs="unbounded" type="m:Name" sawsdl:modelReference="http://iec.ch/TC57/CIM-generic#IdentifiedObject.Names">
        <xs:annotation>
          <xs:documentation>All names of this identified object.</xs:documentation>
        </xs:annotation>
      </xs:element>
    </xs:sequence>
  </xs:complexType>
  <xs:complexType name="EndDeviceGroup" sawsdl:modelReference="http://iec.ch/TC57/CIM-generic#EndDeviceGroup">
    <xs:annotation>
      <xs:documentation>Abstraction for management of group communications within a two-way AMR system or the data for a group of related end devices. Commands can be issued to all of the end devices that belong to the group using a defined group address and the underlying AMR communication infrastructure. A DERGroup and a PANDeviceGroup is an EndDeviceGroup.</xs:documentation>
    </xs:annotation>
    <xs:sequence>
      <xs:element name="mRID" minOccurs="0" maxOccurs="1" type="xs:string" sawsdl:modelReference="http://iec.ch/TC57/CIM-generic#IdentifiedObject.mRID">
        <xs:annotation>
          <xs:documentation>Master resource identifier issued by a model authority. The mRID is unique within an exchange context. Global uniqueness is easily achieved by using a UUID,  as specified in RFC 4122, for the mRID. The use of UUID is strongly recommended.</xs:documentation>
          <xs:documentation>For CIMXML data files in RDF syntax conforming to IEC 61970-552 Edition 1, the mRID is mapped to rdf:ID or rdf:about attributes that identify CIM object elements.</xs:documentation>
        </xs:annotation>
      </xs:element>
      <xs:element name="description" minOccurs="0" maxOccurs="1" type="xs:string" sawsdl:modelReference="http://iec.ch/TC57/CIM-generic#IdentifiedObject.description">
        <xs:annotation>
          <xs:documentation>The description is a free human readable text describing or naming the object. It may be non unique and may not correlate to a naming hierarchy.</xs:documentation>
        </xs:annotation>
      </xs:element>
      <xs:element name="DERFunction" minOccurs="0" maxOccurs="1" type="m:DERFunction" sawsdl:modelReference="http://iec.ch/TC57/CIM-generic#EndDeviceGroup.DERFunction">
        <xs:annotation/>
      </xs:element>
      <xs:element name="EndDevices" minOccurs="0" maxOccurs="unbounded" type="m:EndDevice" sawsdl:modelReference="http://iec.ch/TC57/CIM-generic#EndDeviceGroup.EndDevices">
        <xs:annotation>
          <xs:documentation>All end devices this end device group refers to.</xs:documentation>
        </xs:annotation>
      </xs:element>
      <xs:element name="Names" minOccurs="0" maxOccurs="unbounded" type="m:Name" sawsdl:modelReference="http://iec.ch/TC57/CIM-generic#IdentifiedObject.Names">
        <xs:annotation>
          <xs:documentation>All names of this identified object.</xs:documentation>
        </xs:annotation>
      </xs:element>
      <xs:element name="version" minOccurs="0" maxOccurs="1" type="m:Version" sawsdl:modelReference="http://iec.ch/TC57/CIM-generic#EndDeviceGroup.version">
        <xs:annotation/>
      </xs:element>
    </xs:sequence>
  </xs:complexType>
  <xs:complexType name="Name" sawsdl:modelReference="http://iec.ch/TC57/CIM-generic#Name">
    <xs:annotation>
      <xs:documentation>The Name class provides the means to define any number of human readable  names for an object. A name is &lt;b>not&lt;/b> to be used for defining inter-object relationships. For inter-object relationships instead use the object identification 'mRID'.</xs:documentation>
    </xs:annotation>
    <xs:sequence>
      <xs:element name="name" minOccurs="1" maxOccurs="1" type="xs:string" sawsdl:modelReference="http://iec.ch/TC57/CIM-generic#Name.name">
        <xs:annotation>
          <xs:documentation>Any free text that name the object.</xs:documentation>
        </xs:annotation>
      </xs:element>
      <xs:element name="NameType" minOccurs="0" maxOccurs="1" type="m:NameType" sawsdl:modelReference="http://iec.ch/TC57/CIM-generic#Name.NameType">
        <xs:annotation>
          <xs:documentation>Type of this name.</xs:documentation>
        </xs:annotation>
      </xs:element>
    </xs:sequence>
  </xs:complexType>
  <xs:complexType name="NameType" sawsdl:modelReference="http://iec.ch/TC57/CIM-generic#NameType">
    <xs:annotation>
      <xs:documentation>Type of name. Possible values for attribute 'name' are implementation dependent but standard profiles may specify types. An enterprise may have multiple IT systems each having its own local name for the same object, e.g. a planning system may have different names from an EMS. An object may also have different names within the same IT system, e.g. localName as defined in CIM version 14. The definition from CIM14 is:</xs:documentation>
      <xs:documentation>The localName is a human readable name of the object. It is a free text name local to a node in a naming hierarchy similar to a file directory structure. A power system related naming hierarchy may be: Substation, VoltageLevel, Equipment etc. Children of the same parent in such a hierarchy have names that typically are unique among them.</xs:documentation>
    </xs:annotation>
    <xs:sequence>
      <xs:element name="description" minOccurs="0" maxOccurs="1" type="xs:string" sawsdl:modelReference="http://iec.ch/TC57/CIM-generic#NameType.description">
        <xs:annotation>
          <xs:documentation>Description of the name type.</xs:documentation>
        </xs:annotation>
      </xs:element>
      <xs:element name="name" minOccurs="1" maxOccurs="1" type="xs:string" sawsdl:modelReference="http://iec.ch/TC57/CIM-generic#NameType.name">
        <xs:annotation>
          <xs:documentation>Name of the name type.</xs:documentation>
        </xs:annotation>
      </xs:element>
      <xs:element name="NameTypeAuthority" minOccurs="0" maxOccurs="1" type="m:NameTypeAuthority" sawsdl:modelReference="http://iec.ch/TC57/CIM-generic#NameType.NameTypeAuthority">
        <xs:annotation>
          <xs:documentation>Authority responsible for managing names of this type.</xs:documentation>
        </xs:annotation>
      </xs:element>
    </xs:sequence>
  </xs:complexType>
  <xs:complexType name="NameTypeAuthority" sawsdl:modelReference="http://iec.ch/TC57/CIM-generic#NameTypeAuthority">
    <xs:annotation>
      <xs:documentation>Authority responsible for creation and management of names of a given type; typically an organization or an enterprise system.</xs:documentation>
    </xs:annotation>
    <xs:sequence>
      <xs:element name="description" minOccurs="0" maxOccurs="1" type="xs:string" sawsdl:modelReference="http://iec.ch/TC57/CIM-generic#NameTypeAuthority.description">
        <xs:annotation>
          <xs:documentation>Description of the name type authority.</xs:documentation>
        </xs:annotation>
      </xs:element>
      <xs:element name="name" minOccurs="1" maxOccurs="1" type="xs:string" sawsdl:modelReference="http://iec.ch/TC57/CIM-generic#NameTypeAuthority.name">
        <xs:annotation>
          <xs:documentation>Name of the name type authority.</xs:documentation>
        </xs:annotation>
      </xs:element>
    </xs:sequence>
  </xs:complexType>
  <xs:complexType name="Version" sawsdl:modelReference="http://iec.ch/TC57/CIM-generic#Version">
    <xs:annotation>
      <xs:documentation>This is the version for a group of devices or objects.  This could be used to track the version for any group of objects or devices over time. For example, for a DERGroup, the requesting system may want to get the details of a specific version of a DERGroup.</xs:documentation>
    </xs:annotation>
    <xs:sequence>
      <xs:element name="date" minOccurs="0" maxOccurs="1" type="xs:dateTime" sawsdl:modelReference="http://iec.ch/TC57/CIM-generic#Version.date">
        <xs:annotation>
          <xs:documentation>date of this version</xs:documentation>
        </xs:annotation>
      </xs:element>
      <xs:element name="major" minOccurs="0" maxOccurs="1" type="xs:integer" sawsdl:modelReference="http://iec.ch/TC57/CIM-generic#Version.major">
        <xs:annotation>
          <xs:documentation>major release level for this version</xs:documentation>
        </xs:annotation>
      </xs:element>
      <xs:element name="minor" minOccurs="0" maxOccurs="1" type="xs:integer" sawsdl:modelReference="http://iec.ch/TC57/CIM-generic#Version.minor">
        <xs:annotation>
          <xs:documentation>minor release level for this version</xs:documentation>
        </xs:annotation>
      </xs:element>
      <xs:element name="revision" minOccurs="0" maxOccurs="1" type="xs:integer" sawsdl:modelReference="http://iec.ch/TC57/CIM-generic#Version.revision">
        <xs:annotation>
          <xs:documentation>revision level for this version</xs:documentation>
        </xs:annotation>
      </xs:element>
    </xs:sequence>
  </xs:complexType>
</xs:schema>]]></con:content><con:type>http://www.w3.org/2001/XMLSchema</con:type></con:part></con:definitionCache><con:endpoints><con:endpoint>http://localhost:8080/61968-5/change/receiveDERGroupsOperationSet</con:endpoint><con:endpoint>http://localhost:8080/61968-5/change/executeDERGroups/executeDERGroupsOperationSet</con:endpoint></con:endpoints><con:operation isOneWay="false" action="http://iec.ch/TC57/2017/DERGroupsOperationSet/ExecutedDERGroupsOperationSet" name="ExecutedDERGroupsOperationSet" bindingOperationName="ExecutedDERGroupsOperationSet" type="Request-Response" outputName="ExecutedDERGroupsOperationSetResponse" inputName="ExecutedDERGroupsOperationSetEvent" receivesAttachments="false" sendsAttachments="false" anonymous="optional"><con:settings/><con:call name="Request 1"><con:settings/><con:encoding>UTF-8</con:encoding><con:endpoint>http://localhost:8080/61968-5/change/receiveDERGroupsOperationSet</con:endpoint><con:request><![CDATA[<soapenv:Envelope xmlns:soapenv="http://schemas.xmlsoap.org/soap/envelope/" xmlns:der="http://iec.ch/TC57/2017/DERGroupsOperationSetMessage" xmlns:mes="http://iec.ch/TC57/2011/schema/message">
   <soapenv:Header/>
   <soapenv:Body>
      <der:ExecutedDERGroupsOperationSet>
         <der:Header>
            <mes:Verb>?</mes:Verb>
            <mes:Noun>?</mes:Noun>
            <!--Optional:-->
            <mes:Revision>?</mes:Revision>
            <!--Optional:-->
            <mes:ReplayDetection>
               <mes:Nonce>?</mes:Nonce>
               <mes:Created>?</mes:Created>
            </mes:ReplayDetection>
            <!--Optional:-->
            <mes:Context>?</mes:Context>
            <!--Optional:-->
            <mes:Timestamp>?</mes:Timestamp>
            <!--Optional:-->
            <mes:Source>?</mes:Source>
            <!--Optional:-->
            <mes:AsyncReplyFlag>?</mes:AsyncReplyFlag>
            <!--Optional:-->
            <mes:ReplyAddress>?</mes:ReplyAddress>
            <!--Optional:-->
            <mes:AckRequired>?</mes:AckRequired>
            <!--Optional:-->
            <mes:User>
               <mes:UserID>?</mes:UserID>
               <!--Optional:-->
               <mes:Organization>?</mes:Organization>
            </mes:User>
            <!--Optional:-->
            <mes:MessageID>?</mes:MessageID>
            <!--Optional:-->
            <mes:CorrelationID>?</mes:CorrelationID>
            <!--Optional:-->
            <mes:Comment>?</mes:Comment>
            <!--Zero or more repetitions:-->
            <mes:Property>
               <mes:Name>?</mes:Name>
               <!--Optional:-->
               <mes:Value>?</mes:Value>
            </mes:Property>
            <!--You may enter ANY elements at this point-->
         </der:Header>
         <!--Optional:-->
         <der:Payload>
            <!--Optional:-->
            <der:OperationSet>
               <!--Optional:-->
               <mes:enforceMsgSequence>?</mes:enforceMsgSequence>
               <!--Optional:-->
               <mes:enforceTransactionalIntegrity>?</mes:enforceTransactionalIntegrity>
               <!--Zero or more repetitions:-->
               <mes:Operation>
                  <mes:operationId>?</mes:operationId>
                  <!--Optional:-->
                  <mes:noun>?</mes:noun>
                  <!--Optional:-->
                  <mes:verb>?</mes:verb>
                  <!--Optional:-->
                  <mes:elementOperation>false</mes:elementOperation>
                  <!--You may enter ANY elements at this point-->
               </mes:Operation>
            </der:OperationSet>
            <!--Optional:-->
            <der:Compressed>?</der:Compressed>
            <!--Optional:-->
            <der:Format>?</der:Format>
         </der:Payload>
      </der:ExecutedDERGroupsOperationSet>
   </soapenv:Body>
</soapenv:Envelope>]]></con:request><con:wsaConfig mustUnderstand="NONE" version="200508" action="http://iec.ch/TC57/2017/DERGroupsOperationSet/ExecutedDERGroupsOperationSet"/></con:call></con:operation></con:interface><con:testSuite name="TestSuite 1"><con:settings/><con:runType>SEQUENTIAL</con:runType><con:testCase failOnError="true" failTestCaseOnErrors="true" keepSession="false" maxResults="0" name="TestCase 1" searchProperties="true"><con:settings/><con:testStep type="request" name="Test Request"><con:settings/><con:config xsi:type="con:RequestStep" xmlns:xsi="http://www.w3.org/2001/XMLSchema-instance"><con:interface>DERGroupsOperationSet_Binding</con:interface><con:operation>ExecutedDERGroupsOperationSet</con:operation><con:request name="Test Request"><con:settings><con:setting id="com.eviware.soapui.impl.wsdl.WsdlRequest@request-headers">&lt;xml-fragment/></con:setting></con:settings><con:encoding>UTF-8</con:encoding><con:endpoint>http://localhost:8080/61968-5/change/receiveDERGroupsOperationSet</con:endpoint><con:request><![CDATA[<soapenv:Envelope xmlns:soapenv="http://schemas.xmlsoap.org/soap/envelope/" xmlns:der="http://iec.ch/TC57/2017/DERGroupsOperationSetMessage" xmlns:mes="http://iec.ch/TC57/2011/schema/message">
   <soapenv:Header/>
   <soapenv:Body>
      <der:ExecutedDERGroupsOperationSet>
         <der:Header>
            <mes:Verb>change</mes:Verb>
            <mes:Noun>DERGroupsOperationSet</mes:Noun>
            <mes:Timestamp>2017-05-26T10:54:03-06:00</mes:Timestamp>
            <mes:MessageID>93b32316-c752-4092-9969-69ece85105b8</mes:MessageID>
         </der:Header>      
      </der:ExecutedDERGroupsOperationSet>
   </soapenv:Body>
</soapenv:Envelope>]]></con:request><con:assertion type="SOAP Response"/><con:credentials><con:authType>Global HTTP Settings</con:authType></con:credentials><con:jmsConfig JMSDeliveryMode="PERSISTENT"/><con:jmsPropertyConfig/><con:wsaConfig mustUnderstand="NONE" version="200508"/><con:wsrmConfig version="1.2"/></con:request></con:config></con:testStep><con:properties/></con:testCase><con:properties/></con:testSuite><con:properties/><con:wssContainer/><con:sensitiveInformation/></con:soapui-project>