<?xml version="1.0" encoding="UTF-8"?>
<con:soapui-project activeEnvironment="Default" name="61968-9/create/ReceiveEndDeviceEvents" resourceRoot="${projectDir}" soapui-version="4.5.2" abortOnError="false" runType="SEQUENTIAL" xmlns:con="http://eviware.com/soapui/config"><con:settings/><con:interface xsi:type="con:WsdlInterface" wsaVersion="NONE" name="EndDeviceEvents_Binding" type="wsdl" bindingName="{http://iec.ch/TC57/2017/ReceiveEndDeviceEvents}EndDeviceEvents_Binding" soapVersion="1_1" anonymous="optional" definition="ReceiveEndDeviceEvents.wsdl" xmlns:xsi="http://www.w3.org/2001/XMLSchema-instance"><con:settings/><con:definitionCache type="TEXT" rootPart="file:/Users/BenGoodwin/git/derms2/61968-9/wsdl/create/ReceiveEndDeviceEvents.wsdl"><con:part><con:url>file:/Users/BenGoodwin/git/derms2/61968-9/wsdl/create/ReceiveEndDeviceEvents.wsdl</con:url><con:content><![CDATA[<!--edited with XMLSpy v2015 rel. 4 sp1 (x64) (http://www.altova.com) by Christopher Kardos (private)-->
<wsdl:definitions name="ReceiveEndDeviceEvents" targetNamespace="http://iec.ch/TC57/2017/ReceiveEndDeviceEvents" xmlns:tns="http://iec.ch/TC57/2017/ReceiveEndDeviceEvents" xmlns:http="http://schemas.xmlsoap.org/wsdl/http/" xmlns:soap="http://schemas.xmlsoap.org/wsdl/soap/" xmlns:wsdl="http://schemas.xmlsoap.org/wsdl/" xmlns:xs="http://www.w3.org/2001/XMLSchema" xmlns:wsi="http://ws-i.org/schemas/conformanceClaim/" xmlns:soapenc="http://schemas.xmlsoap.org/soap/encoding/" xmlns:tm="http://microsoft.com/wsdl/mime/textMatching/" xmlns:mime="http://schemas.xmlsoap.org/wsdl/mime/" xmlns:infoMessage="http://iec.ch/TC57/2017/EndDeviceEventsMessage">
  <wsdl:types>
    <xs:schema targetNamespace="http://iec.ch/TC57/2017/ReceiveEndDeviceEvents" elementFormDefault="qualified">
      <xs:import namespace="http://iec.ch/TC57/2017/EndDeviceEventsMessage" schemaLocation="xsd/EndDeviceEventsMessage.xsd"/>
    </xs:schema>
  </wsdl:types>
  <wsdl:message name="CreatedEndDeviceEventsEventMessage">
    <wsdl:part name="CreatedEndDeviceEventsEventMessage" element="infoMessage:CreatedEndDeviceEvents"/>
  </wsdl:message>
  <wsdl:message name="ResponseMessage">
    <wsdl:part name="ResponseMessage" element="infoMessage:EndDeviceEventsResponseMessage"/>
  </wsdl:message>
  <wsdl:message name="FaultMessage">
    <wsdl:part name="FaultMessage" element="infoMessage:EndDeviceEventsFaultMessage"/>
  </wsdl:message>
  <wsdl:portType name="EndDeviceEvents_Port">
    <wsdl:operation name="CreatedEndDeviceEvents">
      <wsdl:input name="CreatedEndDeviceEventsEvent" message="tns:CreatedEndDeviceEventsEventMessage"/>
      <wsdl:output name="CreatedEndDeviceEventsResponse" message="tns:ResponseMessage"/>
      <wsdl:fault name="CreatedEndDeviceEventsFault" message="tns:FaultMessage"/>
    </wsdl:operation>
  </wsdl:portType>
  <wsdl:binding name="EndDeviceEvents_Binding" type="tns:EndDeviceEvents_Port">
    <soap:binding style="document" transport="http://schemas.xmlsoap.org/soap/http"/>
    <wsdl:operation name="CreatedEndDeviceEvents">
      <soap:operation soapAction="http://iec.ch/TC57/2017/EndDeviceEvents/CreatedEndDeviceEvents" style="document"/>
      <wsdl:input name="CreatedEndDeviceEventsEvent">
        <soap:body use="literal"/>
      </wsdl:input>
      <wsdl:output name="CreatedEndDeviceEventsResponse">
        <soap:body use="literal"/>
      </wsdl:output>
      <wsdl:fault name="CreatedEndDeviceEventsFault">
        <soap:fault name="CreatedEndDeviceEventsFault" use="literal"/>
      </wsdl:fault>
    </wsdl:operation>
  </wsdl:binding>
  <wsdl:service name="ReceiveEndDeviceEvents">
    <wsdl:port name="EndDeviceEvents_Port" binding="tns:EndDeviceEvents_Binding">
      <soap:address location="http://iec.ch/TC57/2017/ReceiveEndDeviceEvents"/>
    </wsdl:port>
  </wsdl:service>
</wsdl:definitions>]]></con:content><con:type>http://schemas.xmlsoap.org/wsdl/</con:type></con:part><con:part><con:url>file:/Users/BenGoodwin/git/derms2/61968-9/wsdl/create/xsd/EndDeviceEventsMessage.xsd</con:url><con:content><![CDATA[<xs:schema targetNamespace="http://iec.ch/TC57/2017/EndDeviceEventsMessage" elementFormDefault="qualified" attributeFormDefault="unqualified" version="1.0.0" xmlns:tns="http://iec.ch/TC57/2017/EndDeviceEventsMessage" xmlns:xs="http://www.w3.org/2001/XMLSchema" xmlns:msg="http://iec.ch/TC57/2011/schema/message" xmlns:obj="http://iec.ch/TC57/2011/EndDeviceEvents#">
  <!--Base Message Definitions-->
  <xs:import namespace="http://iec.ch/TC57/2011/schema/message" schemaLocation="Message.xsd"/>
  <!--CIM Information Object Definition-->
  <xs:import namespace="http://iec.ch/TC57/2011/EndDeviceEvents#" schemaLocation="EndDeviceEvents.xsd"/>
  <!--PayloadType Definition-->
  <xs:complexType name="EndDeviceEventsPayloadType">
    <xs:sequence>
      <xs:element ref="obj:EndDeviceEvents"/>
      <xs:element name="OperationSet" type="msg:OperationSet" minOccurs="0"/>
      <xs:element name="Compressed" type="xs:string" minOccurs="0">
        <xs:annotation>
          <xs:documentation>For compressed and/or binary, uuencoded payloads</xs:documentation>
        </xs:annotation>
      </xs:element>
      <xs:element name="Format" type="xs:string" minOccurs="0">
        <xs:annotation>
          <xs:documentation>Hint as to format of payload, e.g. XML, RDF, SVF, BINARY, PDF, ...</xs:documentation>
        </xs:annotation>
      </xs:element>
    </xs:sequence>
  </xs:complexType>
  <!--Message Types-->
  <!--RequestMessageType-->
  <xs:complexType name="EndDeviceEventsRequestMessageType">
    <xs:sequence>
      <xs:element name="Header" type="msg:HeaderType"/>
      <xs:element name="Request" type="msg:RequestType" minOccurs="0"/>
      <xs:element name="Payload" type="tns:EndDeviceEventsPayloadType" minOccurs="0"/>
    </xs:sequence>
  </xs:complexType>
  <!--ResponseMessageType-->
  <xs:complexType name="EndDeviceEventsResponseMessageType">
    <xs:sequence>
      <xs:element name="Header" type="msg:HeaderType"/>
      <xs:element name="Reply" type="msg:ReplyType"/>
      <xs:element name="Payload" type="tns:EndDeviceEventsPayloadType" minOccurs="0"/>
    </xs:sequence>
  </xs:complexType>
  <!--EventMessageType-->
  <xs:complexType name="EndDeviceEventsEventMessageType">
    <xs:sequence>
      <xs:element name="Header" type="msg:HeaderType"/>
      <xs:element name="Payload" type="tns:EndDeviceEventsPayloadType" minOccurs="0"/>
    </xs:sequence>
  </xs:complexType>
  <!--FaultMessageType-->
  <xs:complexType name="EndDeviceEventsFaultMessageType">
    <xs:sequence>
      <xs:element name="Reply" type="msg:ReplyType"/>
    </xs:sequence>
  </xs:complexType>
  <xs:element name="CreateEndDeviceEvents" type="tns:EndDeviceEventsRequestMessageType"/>
  <xs:element name="ChangeEndDeviceEvents" type="tns:EndDeviceEventsRequestMessageType"/>
  <xs:element name="CancelEndDeviceEvents" type="tns:EndDeviceEventsRequestMessageType"/>
  <xs:element name="CloseEndDeviceEvents" type="tns:EndDeviceEventsRequestMessageType"/>
  <xs:element name="DeleteEndDeviceEvents" type="tns:EndDeviceEventsRequestMessageType"/>
  <xs:element name="CreatedEndDeviceEvents" type="tns:EndDeviceEventsEventMessageType"/>
  <xs:element name="ChangedEndDeviceEvents" type="tns:EndDeviceEventsEventMessageType"/>
  <xs:element name="CanceledEndDeviceEvents" type="tns:EndDeviceEventsEventMessageType"/>
  <xs:element name="ClosedEndDeviceEvents" type="tns:EndDeviceEventsEventMessageType"/>
  <xs:element name="DeletedEndDeviceEvents" type="tns:EndDeviceEventsEventMessageType"/>
  <xs:element name="EndDeviceEventsResponseMessage" type="tns:EndDeviceEventsResponseMessageType"/>
  <xs:element name="EndDeviceEventsFaultMessage" type="tns:EndDeviceEventsFaultMessageType"/>
</xs:schema>]]></con:content><con:type>http://www.w3.org/2001/XMLSchema</con:type></con:part><con:part><con:url>file:/Users/BenGoodwin/git/derms2/61968-9/wsdl/create/xsd/Message.xsd</con:url><con:content><![CDATA[<!--Common Message Specification for IEC 61968-->
<!--Change Log-->
<!--2010/12/15 Added OperationSet to Payload-->
<!--2011/03/09 Corrected FaultMessageType-->
<!--2011/03/09 Baseline for version control-->
<!--2011/03/10 Created type definitions for OperationSet and Operation to improve compatibility with SoapUI-->
<!--2011/05/06 Removed deprecated verbs, added 'executed'-->
<!--2011/05/06 Changed base namespace to follow WG14 convention of 'iec.ch'-->
<!--2012/02/10 Added relatedObject to Error element-->
<!--2012/02/11 Created a new ObjectType for use in Error element-->
<!--2012/02/11 Removed enumeration for Header.Context-->
<!--2012/02/12 Added note that Error.object.Name elements are deprecated-->
<!--2012/02/12 Added more comments to message elements-->
<!--2012/02/16 Corrected comment for Reply.Error.level-->
<!--2012/02/16 Revised comment for Reply.Error.code-->
<!--2012/02/22 Added ID to Payload for optional use by close/cancel/delete-->
<!--2012/02/22 Extended ID elements to have attributes for idType, idAuthority, iSmRID-->
<!--2012/02/22 Extended ErrorType elements to use ID and relatedID elements, with deprecation of object-->
<!--2012/02/24 Added kind attribute to ID elements in place of iSmRID-->
<!--2012/03/19 Corrected ID and relatedID definitions in ErrorType-->
<!--2012/03/20 Revised ID elements to use an attribute group-->
<!--2012/03/21 Corrected Payload.ID elements-->
<!--2012/04/03 Corrected Reply.Error.object.Name-->
<!--2012/04/03 Corrected Header.User.Organization made optional-->
<!--2012/06/08 Updated IDatts attribute group to include objectType attribute as string-->
<!--2012/10/14 corrections and revisions to annotations for FDIS-->
<xs:schema targetNamespace="http://iec.ch/TC57/2011/schema/message" elementFormDefault="qualified" attributeFormDefault="unqualified" version="1.0.0" xmlns="http://iec.ch/TC57/2011/schema/message" xmlns:xs="http://www.w3.org/2001/XMLSchema">
  <xs:complexType name="RequestType">
    <xs:annotation>
      <xs:documentation>Request type definition</xs:documentation>
    </xs:annotation>
    <xs:sequence>
      <xs:annotation>
        <xs:documentation>Request package is typically used to supply parameters for 'get' requests</xs:documentation>
      </xs:annotation>
      <xs:element name="StartTime" type="xs:dateTime" minOccurs="0">
        <xs:annotation>
          <xs:documentation>Start time of interest</xs:documentation>
        </xs:annotation>
      </xs:element>
      <xs:element name="EndTime" type="xs:dateTime" minOccurs="0">
        <xs:annotation>
          <xs:documentation>End time of interest</xs:documentation>
        </xs:annotation>
      </xs:element>
      <xs:element name="Option" type="OptionType" minOccurs="0" maxOccurs="unbounded">
        <xs:annotation>
          <xs:documentation>Request type specialization</xs:documentation>
        </xs:annotation>
      </xs:element>
      <xs:element name="ID" minOccurs="0" maxOccurs="unbounded">
        <xs:annotation>
          <xs:documentation>Object ID for request</xs:documentation>
        </xs:annotation>
        <xs:complexType>
          <xs:simpleContent>
            <xs:extension base="xs:string">
              <xs:attributeGroup ref="IDatts"/>
            </xs:extension>
          </xs:simpleContent>
        </xs:complexType>
      </xs:element>
      <xs:any namespace="##other" processContents="lax" minOccurs="0" maxOccurs="unbounded">
        <xs:annotation>
          <xs:documentation>This can be a CIM profile defined as an XSD with a CIM-specific namespace This may also be used for custom extensions.</xs:documentation>
        </xs:annotation>
      </xs:any>
    </xs:sequence>
  </xs:complexType>
  <xs:complexType name="ReplyType">
    <xs:annotation>
      <xs:documentation>Reply type definition</xs:documentation>
    </xs:annotation>
    <xs:sequence>
      <xs:annotation>
        <xs:documentation>Reply package is used to confirm success or report errors</xs:documentation>
      </xs:annotation>
      <xs:element name="Result">
        <xs:annotation>
          <xs:documentation>Reply code: OK, PARTIAL or FAILED</xs:documentation>
        </xs:annotation>
        <xs:simpleType>
          <xs:restriction base="xs:string">
            <xs:enumeration value="OK"/>
            <xs:enumeration value="PARTIAL"/>
            <xs:enumeration value="FAILED"/>
          </xs:restriction>
        </xs:simpleType>
      </xs:element>
      <xs:element name="Error" type="ErrorType" minOccurs="0" maxOccurs="unbounded">
        <xs:annotation>
          <xs:documentation>Reply details describing one or more errors</xs:documentation>
        </xs:annotation>
      </xs:element>
      <xs:element name="ID" minOccurs="0" maxOccurs="unbounded">
        <xs:annotation>
          <xs:documentation>Resulting transaction ID (usually consequence of create)</xs:documentation>
        </xs:annotation>
        <xs:complexType>
          <xs:simpleContent>
            <xs:extension base="xs:string">
              <xs:attributeGroup ref="IDatts"/>
            </xs:extension>
          </xs:simpleContent>
        </xs:complexType>
      </xs:element>
      <xs:any namespace="##other" processContents="lax" minOccurs="0" maxOccurs="unbounded">
        <xs:annotation>
          <xs:documentation>Used for custom extensions</xs:documentation>
        </xs:annotation>
      </xs:any>
      <xs:element name="operationId" type="xs:integer" minOccurs="0">
        <xs:annotation>
          <xs:documentation>The reply.operationId provides the unique identifier of the Operation for which this reply.result is relevant. Thus, it is  assumed that this is a partial reply in direct response to one of the operations contained in an OperationSet request.</xs:documentation>
        </xs:annotation>
      </xs:element>
    </xs:sequence>
  </xs:complexType>
  <xs:complexType name="PayloadType">
    <xs:annotation>
      <xs:documentation>Payload container</xs:documentation>
    </xs:annotation>
    <xs:sequence>
      <xs:choice>
        <xs:any namespace="##other" processContents="skip" minOccurs="0" maxOccurs="unbounded">
          <xs:annotation>
            <xs:documentation>For XML payloads, usually CIM profiles defined using an XSD in a profile-specific namespace. May also be used for custom extensions.</xs:documentation>
          </xs:annotation>
        </xs:any>
        <xs:element name="OperationSet" type="OperationSet" minOccurs="0">
          <xs:annotation>
            <xs:documentation>Each operation set is a collection of operations that may require operational-integrity and/or sequence control.</xs:documentation>
          </xs:annotation>
        </xs:element>
        <xs:element name="Compressed" type="xs:string" minOccurs="0">
          <xs:annotation>
            <xs:documentation>For compressed and/or binary, uuencoded payloads If compressed, Gzip compression is used.</xs:documentation>
          </xs:annotation>
        </xs:element>
        <xs:element name="ID" minOccurs="0" maxOccurs="unbounded">
          <xs:annotation>
            <xs:documentation>Used to supply object IDs for cancel/close/delete operations in cases where they are not otherwise specified using a type-specific payload</xs:documentation>
          </xs:annotation>
          <xs:complexType>
            <xs:simpleContent>
              <xs:extension base="xs:string">
                <xs:attributeGroup ref="IDatts"/>
              </xs:extension>
            </xs:simpleContent>
          </xs:complexType>
        </xs:element>
      </xs:choice>
      <xs:element name="Format" type="xs:string" minOccurs="0">
        <xs:annotation>
          <xs:documentation>Hint as to format of payload, e.g. XML, RDF, SVF, BINARY, PDF, ...</xs:documentation>
        </xs:annotation>
      </xs:element>
    </xs:sequence>
  </xs:complexType>
  <xs:complexType name="OperationType">
    <xs:annotation>
      <xs:documentation>For master data set synchronization XML payloads.</xs:documentation>
    </xs:annotation>
    <xs:sequence>
      <xs:element name="operationId" type="xs:integer">
        <xs:annotation>
          <xs:documentation>The payload.operation.operationId provides the unique identifier (within the OperationSet) of the Operation for the purpose of reference in subsequent messages (e.g. OperationSet reply).</xs:documentation>
        </xs:annotation>
      </xs:element>
      <xs:element name="noun" type="xs:string" minOccurs="0">
        <xs:annotation>
          <xs:documentation>The payload.operation.##other also identifies the noun, this element is optionally supplied to simplify processing.</xs:documentation>
        </xs:annotation>
      </xs:element>
      <xs:element name="verb" type="xs:string" minOccurs="0">
        <xs:annotation>
          <xs:documentation>"create", "delete", "change", etc.</xs:documentation>
        </xs:annotation>
      </xs:element>
      <xs:element name="elementOperation" type="xs:boolean" default="false" minOccurs="0">
        <xs:annotation>
          <xs:documentation>TRUE if the verb is operating at the element level. In such a case, the verb is to be applied to the elements populated in the payload.operation.##other below. If omitted, assume FALSE.</xs:documentation>
        </xs:annotation>
      </xs:element>
      <xs:any namespace="##other" processContents="skip" minOccurs="0">
        <xs:annotation>
          <xs:documentation>An XML payload which carries a CIM profile defined using an XSD in a profile-specific namespace. Individual payloads are used collectively to create a series of related operations. See the "enforce" boolean flags in the header for instructions on how to process these messages.</xs:documentation>
        </xs:annotation>
      </xs:any>
    </xs:sequence>
  </xs:complexType>
  <xs:complexType name="OperationSet">
    <xs:annotation>
      <xs:documentation>Each operation set is a collection of operations that may require operational-integrity and/or sequence control.</xs:documentation>
    </xs:annotation>
    <xs:sequence>
      <xs:element name="enforceMsgSequence" type="xs:boolean" minOccurs="0">
        <xs:annotation>
          <xs:documentation>If set to TRUE, the Operation.##other messages must be processed in the sequence presented. If omitted, assume FALSE.</xs:documentation>
        </xs:annotation>
      </xs:element>
      <xs:element name="enforceTransactionalIntegrity" type="xs:boolean" minOccurs="0">
        <xs:annotation>
          <xs:documentation>Set to TRUE when all of the Operation.##other messages must be processed successfully or else the entire message set must be rolled back. If omitted, assume FALSE.</xs:documentation>
        </xs:annotation>
      </xs:element>
      <xs:element name="Operation" type="OperationType" minOccurs="0" maxOccurs="unbounded"/>
    </xs:sequence>
  </xs:complexType>
  <xs:complexType name="ReplayDetectionType">
    <xs:annotation>
      <xs:documentation>Used to detect and prevent replay attacks</xs:documentation>
    </xs:annotation>
    <xs:sequence>
      <xs:element name="Nonce" type="xs:string"/>
      <xs:element name="Created" type="xs:dateTime"/>
    </xs:sequence>
  </xs:complexType>
  <xs:complexType name="UserType">
    <xs:annotation>
      <xs:documentation>User type definition</xs:documentation>
    </xs:annotation>
    <xs:sequence>
      <xs:element name="UserID" type="xs:string">
        <xs:annotation>
          <xs:documentation>User identifier</xs:documentation>
        </xs:annotation>
      </xs:element>
      <xs:element name="Organization" type="xs:string" minOccurs="0">
        <xs:annotation>
          <xs:documentation>User parent organization identifier</xs:documentation>
        </xs:annotation>
      </xs:element>
    </xs:sequence>
  </xs:complexType>
  <xs:complexType name="HeaderType">
    <xs:annotation>
      <xs:documentation>Message header type definition</xs:documentation>
    </xs:annotation>
    <xs:sequence>
      <xs:annotation>
        <xs:documentation>Message header contains control and descriptive information about the message.</xs:documentation>
      </xs:annotation>
      <xs:element name="Verb">
        <xs:annotation>
          <xs:documentation>This enumerated list of verbs that can be used to form message types in compliance with the IEC 61968 standard.</xs:documentation>
        </xs:annotation>
        <xs:simpleType>
          <xs:restriction base="xs:string">
            <xs:enumeration value="cancel"/>
            <xs:enumeration value="canceled"/>
            <xs:enumeration value="change"/>
            <xs:enumeration value="changed"/>
            <xs:enumeration value="create"/>
            <xs:enumeration value="created"/>
            <xs:enumeration value="close"/>
            <xs:enumeration value="closed"/>
            <xs:enumeration value="delete"/>
            <xs:enumeration value="deleted"/>
            <xs:enumeration value="get"/>
            <xs:enumeration value="reply"/>
            <xs:enumeration value="execute"/>
            <xs:enumeration value="executed"/>
          </xs:restriction>
        </xs:simpleType>
      </xs:element>
      <xs:element name="Noun" type="xs:string">
        <xs:annotation>
          <xs:documentation>The Noun of the Control Area identifies the main subject of the message type, typically a real world object defined in the CIM.</xs:documentation>
        </xs:annotation>
      </xs:element>
      <xs:element name="Revision" type="xs:string" minOccurs="0">
        <xs:annotation>
          <xs:documentation>Revision level of the message type.</xs:documentation>
        </xs:annotation>
      </xs:element>
      <xs:element name="ReplayDetection" type="ReplayDetectionType" minOccurs="0">
        <xs:annotation>
          <xs:documentation>Use to introduce randomness in the message to enhance effectiveness of encryption</xs:documentation>
        </xs:annotation>
      </xs:element>
      <xs:element name="Context" type="xs:string" minOccurs="0">
        <xs:annotation>
          <xs:documentation>Intended context for information usage, e.g. PRODUCTION, TESTING, TRAINING, ...</xs:documentation>
        </xs:annotation>
      </xs:element>
      <xs:element name="Timestamp" type="xs:dateTime" minOccurs="0">
        <xs:annotation>
          <xs:documentation>Application level relevant time and date for when this  instance of the message type was produced.  This is not intended to be used by middleware for message management.</xs:documentation>
        </xs:annotation>
      </xs:element>
      <xs:element name="Source" type="xs:string" minOccurs="0">
        <xs:annotation>
          <xs:documentation>Source system or application that sends the message</xs:documentation>
        </xs:annotation>
      </xs:element>
      <xs:element name="AsyncReplyFlag" type="xs:boolean" minOccurs="0">
        <xs:annotation>
          <xs:documentation>Indicates whether or not reply should be asynchronous</xs:documentation>
        </xs:annotation>
      </xs:element>
      <xs:element name="ReplyAddress" type="xs:string" minOccurs="0">
        <xs:annotation>
          <xs:documentation>Address to be used for asynchronous replies, typically a URL/topic/queue.</xs:documentation>
        </xs:annotation>
      </xs:element>
      <xs:element name="AckRequired" type="xs:boolean" minOccurs="0">
        <xs:annotation>
          <xs:documentation>Indicates whether or not an acknowledgement is required</xs:documentation>
        </xs:annotation>
      </xs:element>
      <xs:element name="User" type="UserType" minOccurs="0">
        <xs:annotation>
          <xs:documentation>User information of the sender</xs:documentation>
        </xs:annotation>
      </xs:element>
      <xs:element name="MessageID" type="xs:string" minOccurs="0">
        <xs:annotation>
          <xs:documentation>Unique message ID to be used for tracking messages</xs:documentation>
        </xs:annotation>
      </xs:element>
      <xs:element name="CorrelationID" type="xs:string" minOccurs="0">
        <xs:annotation>
          <xs:documentation>ID to be used by applications for correlating replies</xs:documentation>
        </xs:annotation>
      </xs:element>
      <xs:element name="Comment" type="xs:string" minOccurs="0">
        <xs:annotation>
          <xs:documentation>Optional comment</xs:documentation>
        </xs:annotation>
      </xs:element>
      <xs:element name="Property" type="MessageProperty" minOccurs="0" maxOccurs="unbounded">
        <xs:annotation>
          <xs:documentation>Message properties can be used to identify information needed for extended routing and filtering capabilities</xs:documentation>
        </xs:annotation>
      </xs:element>
      <xs:any namespace="##other" processContents="lax" minOccurs="0" maxOccurs="unbounded">
        <xs:annotation>
          <xs:documentation>Used to allow custom extensions</xs:documentation>
        </xs:annotation>
      </xs:any>
    </xs:sequence>
  </xs:complexType>
  <xs:element name="Message" type="MessageType">
    <xs:annotation>
      <xs:documentation>Common IEC 61968 Message Definition</xs:documentation>
    </xs:annotation>
  </xs:element>
  <xs:complexType name="MessageProperty">
    <xs:annotation>
      <xs:documentation>Message properties can be used for extended routing and filtering</xs:documentation>
    </xs:annotation>
    <xs:sequence>
      <xs:element name="Name" type="xs:string"/>
      <xs:element name="Value" type="xs:string" minOccurs="0"/>
    </xs:sequence>
  </xs:complexType>
  <xs:element name="RequestMessage" type="RequestMessageType">
    <xs:annotation>
      <xs:documentation>Request message structure</xs:documentation>
    </xs:annotation>
  </xs:element>
  <xs:element name="ResponseMessage" type="ResponseMessageType">
    <xs:annotation>
      <xs:documentation>Response message structure</xs:documentation>
    </xs:annotation>
  </xs:element>
  <xs:element name="EventMessage" type="EventMessageType">
    <xs:annotation>
      <xs:documentation>Event message structure.</xs:documentation>
    </xs:annotation>
  </xs:element>
  <xs:complexType name="MessageType">
    <xs:annotation>
      <xs:documentation>Generic Message Type</xs:documentation>
    </xs:annotation>
    <xs:sequence>
      <xs:element name="Header" type="HeaderType"/>
      <xs:element name="Request" type="RequestType" minOccurs="0"/>
      <xs:element name="Reply" type="ReplyType" minOccurs="0"/>
      <xs:element name="Payload" type="PayloadType" minOccurs="0"/>
    </xs:sequence>
  </xs:complexType>
  <xs:complexType name="RequestMessageType">
    <xs:annotation>
      <xs:documentation>Request Message Type, which will typically result in a ResponseMessage to be returned. This is typically used to initiate a transaction or a query request.</xs:documentation>
    </xs:annotation>
    <xs:sequence>
      <xs:element name="Header" type="HeaderType"/>
      <xs:element name="Request" type="RequestType" minOccurs="0"/>
      <xs:element name="Payload" type="PayloadType" minOccurs="0"/>
    </xs:sequence>
  </xs:complexType>
  <xs:complexType name="ResponseMessageType">
    <xs:annotation>
      <xs:documentation>Response MessageType, typically used to reply to a RequestMessage</xs:documentation>
    </xs:annotation>
    <xs:sequence>
      <xs:element name="Header" type="HeaderType"/>
      <xs:element name="Reply" type="ReplyType"/>
      <xs:element name="Payload" type="PayloadType" minOccurs="0"/>
    </xs:sequence>
  </xs:complexType>
  <xs:complexType name="FaultMessageType">
    <xs:annotation>
      <xs:documentation>Fault Message Type, which is used in cases where the incoming message (including the header) cannot be parsed</xs:documentation>
    </xs:annotation>
    <xs:sequence>
      <xs:element name="Reply" type="ReplyType"/>
    </xs:sequence>
  </xs:complexType>
  <xs:complexType name="EventMessageType">
    <xs:annotation>
      <xs:documentation>Event Message Type, which is used to indicate a condition of potential interest. Note that the Payload may be required in the future.</xs:documentation>
    </xs:annotation>
    <xs:sequence>
      <xs:element name="Header" type="HeaderType"/>
      <xs:element name="Payload" type="PayloadType" minOccurs="0"/>
    </xs:sequence>
  </xs:complexType>
  <xs:complexType name="ErrorType">
    <xs:annotation>
      <xs:documentation>Error Structure</xs:documentation>
    </xs:annotation>
    <xs:sequence>
      <xs:element name="code" type="xs:string">
        <xs:annotation>
          <xs:documentation>Defined error code, as defined by IEC 61968-100, related standards or local implementation</xs:documentation>
        </xs:annotation>
      </xs:element>
      <xs:element name="level" minOccurs="0">
        <xs:annotation>
          <xs:documentation>Severity level, e.g. INFORM, WARNING, FATAL, CATASTROPHIC</xs:documentation>
        </xs:annotation>
        <xs:simpleType>
          <xs:restriction base="xs:string">
            <xs:enumeration value="INFORM"/>
            <xs:enumeration value="WARNING"/>
            <xs:enumeration value="FATAL"/>
            <xs:enumeration value="CATASTROPHIC"/>
          </xs:restriction>
        </xs:simpleType>
      </xs:element>
      <xs:element name="reason" type="xs:string" minOccurs="0">
        <xs:annotation>
          <xs:documentation>Description of the error</xs:documentation>
        </xs:annotation>
      </xs:element>
      <xs:element name="details" type="xs:string" minOccurs="0">
        <xs:annotation>
          <xs:documentation>Free form detailed text description of error</xs:documentation>
        </xs:annotation>
      </xs:element>
      <xs:element name="xpath" type="xs:QName" minOccurs="0">
        <xs:annotation>
          <xs:documentation>XPath expression to identify specific XML element</xs:documentation>
        </xs:annotation>
      </xs:element>
      <xs:element name="stackTrace" type="xs:string" minOccurs="0">
        <xs:annotation>
          <xs:documentation>Stack trace as generated by software upon exception</xs:documentation>
        </xs:annotation>
      </xs:element>
      <xs:element name="Location" type="LocationType" minOccurs="0">
        <xs:annotation>
          <xs:documentation>Location of exception within software</xs:documentation>
        </xs:annotation>
      </xs:element>
      <xs:element name="ID" minOccurs="0">
        <xs:annotation>
          <xs:documentation>ID of object</xs:documentation>
        </xs:annotation>
        <xs:complexType>
          <xs:simpleContent>
            <xs:extension base="xs:string">
              <xs:attributeGroup ref="IDatts"/>
            </xs:extension>
          </xs:simpleContent>
        </xs:complexType>
      </xs:element>
      <xs:element name="relatedID" minOccurs="0">
        <xs:annotation>
          <xs:documentation>ID of related object, used in cases where there is an error between the relationship of two objects</xs:documentation>
        </xs:annotation>
        <xs:complexType>
          <xs:simpleContent>
            <xs:extension base="xs:string">
              <xs:attributeGroup ref="IDatts"/>
            </xs:extension>
          </xs:simpleContent>
        </xs:complexType>
      </xs:element>
      <xs:element name="object" type="ObjectType" minOccurs="0">
        <xs:annotation>
          <xs:documentation>Deprecated</xs:documentation>
        </xs:annotation>
      </xs:element>
      <xs:element name="operationId" type="xs:integer" minOccurs="0">
        <xs:annotation>
          <xs:documentation>The reply.operationId provides the unique identifier of the Operation for which this reply.result.error is relevant. Thus, it is  assumed that this is an error from one of the operations contained in an OperationSet request.</xs:documentation>
        </xs:annotation>
      </xs:element>
    </xs:sequence>
  </xs:complexType>
  <xs:complexType name="OptionType">
    <xs:annotation>
      <xs:documentation>Request options</xs:documentation>
    </xs:annotation>
    <xs:sequence>
      <xs:element name="name" type="xs:string"/>
      <xs:element name="value" type="xs:string" minOccurs="0"/>
    </xs:sequence>
  </xs:complexType>
  <xs:complexType name="LocationType">
    <xs:annotation>
      <xs:documentation>Process location where error was encountered</xs:documentation>
    </xs:annotation>
    <xs:sequence>
      <xs:element name="node" type="xs:string" minOccurs="0">
        <xs:annotation>
          <xs:documentation>Name of the pipeline/branch/route node where error occurred</xs:documentation>
        </xs:annotation>
      </xs:element>
      <xs:element name="pipeline" type="xs:string" minOccurs="0">
        <xs:annotation>
          <xs:documentation>Name of the pipeline where error occurred (if applicable)</xs:documentation>
        </xs:annotation>
      </xs:element>
      <xs:element name="stage" type="xs:string" minOccurs="0">
        <xs:annotation>
          <xs:documentation>Name of the stage where error occurred (if applicable)</xs:documentation>
        </xs:annotation>
      </xs:element>
    </xs:sequence>
  </xs:complexType>
  <xs:complexType name="ObjectType">
    <xs:annotation>
      <xs:documentation>Used to identify an object of interest</xs:documentation>
    </xs:annotation>
    <xs:sequence>
      <xs:element name="mRID" type="xs:string" minOccurs="0">
        <xs:annotation>
          <xs:documentation>A UUID-based name for the object</xs:documentation>
        </xs:annotation>
      </xs:element>
      <xs:element name="Name" type="Name" minOccurs="0" maxOccurs="unbounded">
        <xs:annotation>
          <xs:documentation>The Name structure is deprecated. It will be completely removed in the next edition</xs:documentation>
        </xs:annotation>
      </xs:element>
      <xs:element name="objectType" type="xs:string" minOccurs="0">
        <xs:annotation>
          <xs:documentation>Type of object</xs:documentation>
        </xs:annotation>
      </xs:element>
    </xs:sequence>
  </xs:complexType>
  <xs:complexType name="NameType">
    <xs:annotation>
      <xs:documentation>From CIM</xs:documentation>
    </xs:annotation>
    <xs:sequence>
      <xs:element name="name" type="xs:string"/>
      <xs:element name="description" type="xs:string" minOccurs="0"/>
      <xs:element name="NameTypeAuthority" type="NameTypeAuthority" minOccurs="0"/>
    </xs:sequence>
  </xs:complexType>
  <xs:complexType name="Name">
    <xs:annotation>
      <xs:documentation>From CIM</xs:documentation>
    </xs:annotation>
    <xs:sequence>
      <xs:element name="name" type="xs:string"/>
      <xs:element name="NameType" type="NameType" minOccurs="0"/>
    </xs:sequence>
  </xs:complexType>
  <xs:complexType name="NameTypeAuthority">
    <xs:annotation>
      <xs:documentation>From CIM</xs:documentation>
    </xs:annotation>
    <xs:sequence>
      <xs:element name="name" type="xs:string"/>
      <xs:element name="description" type="xs:string" minOccurs="0"/>
    </xs:sequence>
  </xs:complexType>
  <xs:element name="FaultMessage" type="FaultMessageType">
    <xs:annotation>
      <xs:documentation>Fault message structure</xs:documentation>
    </xs:annotation>
  </xs:element>
  <xs:simpleType name="IDKindType">
    <xs:annotation>
      <xs:documentation>ID Kind Type</xs:documentation>
    </xs:annotation>
    <xs:restriction base="xs:string">
      <xs:enumeration value="name"/>
      <xs:enumeration value="uuid"/>
      <xs:enumeration value="transaction"/>
      <xs:enumeration value="other"/>
    </xs:restriction>
  </xs:simpleType>
  <xs:attributeGroup name="IDatts">
    <xs:annotation>
      <xs:documentation>ID attribute group</xs:documentation>
    </xs:annotation>
    <xs:attribute name="idType" type="xs:string"/>
    <xs:attribute name="idAuthority" type="xs:string"/>
    <xs:attribute name="kind" type="IDKindType"/>
    <xs:attribute name="objectType" type="xs:string"/>
  </xs:attributeGroup>
</xs:schema>]]></con:content><con:type>http://www.w3.org/2001/XMLSchema</con:type></con:part><con:part><con:url>file:/Users/BenGoodwin/git/derms2/61968-9/wsdl/create/xsd/EndDeviceEvents.xsd</con:url><con:content><![CDATA[<xs:schema targetNamespace="http://iec.ch/TC57/2011/EndDeviceEvents#" elementFormDefault="qualified" attributeFormDefault="unqualified" xmlns:xs="http://www.w3.org/2001/XMLSchema" xmlns:a="http://langdale.com.au/2005/Message#" xmlns:sawsdl="http://www.w3.org/ns/sawsdl" xmlns="http://langdale.com.au/2005/Message#" xmlns:m="http://iec.ch/TC57/2011/EndDeviceEvents#">
  <xs:annotation/>
  <xs:element name="EndDeviceEvents" type="m:EndDeviceEvents"/>
  <xs:complexType name="EndDeviceEvents">
    <xs:sequence>
      <xs:element name="EndDeviceEvent" type="m:EndDeviceEvent" minOccurs="0" maxOccurs="unbounded"/>
      <xs:element name="EndDeviceEventType" type="m:EndDeviceEventType" minOccurs="0" maxOccurs="unbounded"/>
    </xs:sequence>
  </xs:complexType>
  <xs:complexType name="Asset" sawsdl:modelReference="http://iec.ch/TC57/2010/CIM-schema-cim15#Asset">
    <xs:annotation>
      <xs:documentation>Tangible resource of the utility, including power system equipment, various end devices, cabinets, buildings, etc. For electrical network equipment, the role of the asset is defined through PowerSystemResource and its subclasses, defined mainly in the Wires model (refer to IEC61970-301 and model package IEC61970::Wires). Asset description places emphasis on the physical characteristics of the equipment fulfilling that role.</xs:documentation>
    </xs:annotation>
    <xs:sequence>
      <xs:element name="mRID" minOccurs="0" maxOccurs="1" type="xs:string" sawsdl:modelReference="http://iec.ch/TC57/2010/CIM-schema-cim15#IdentifiedObject.mRID">
        <xs:annotation>
          <xs:documentation>A Model Authority issues mRIDs. Given that each Model Authority has a unique id and this id is part of the mRID, then the mRID is globally unique.</xs:documentation>
          <xs:documentation>Global uniqeness is easily achived by using a UUID for the mRID. It is strongly recommended to do this.</xs:documentation>
          <xs:documentation>For CIMXML data files the mRID is mapped to rdf:ID or rdf:about attributes that identifies CIM object elements.</xs:documentation>
        </xs:annotation>
      </xs:element>
      <xs:element name="Names" minOccurs="0" maxOccurs="unbounded" type="m:Name" sawsdl:modelReference="http://iec.ch/TC57/2010/CIM-schema-cim15#IdentifiedObject.Names">
        <xs:annotation>
          <xs:documentation>All names of this identified object.</xs:documentation>
        </xs:annotation>
      </xs:element>
    </xs:sequence>
  </xs:complexType>
  <xs:complexType name="EndDeviceEvent" sawsdl:modelReference="http://iec.ch/TC57/2010/CIM-schema-cim15#EndDeviceEvent">
    <xs:annotation>
      <xs:documentation>Event detected by a device function associated with end device.</xs:documentation>
    </xs:annotation>
    <xs:sequence>
      <xs:element name="mRID" minOccurs="0" maxOccurs="1" type="xs:string" sawsdl:modelReference="http://iec.ch/TC57/2010/CIM-schema-cim15#IdentifiedObject.mRID">
        <xs:annotation>
          <xs:documentation>A Model Authority issues mRIDs. Given that each Model Authority has a unique id and this id is part of the mRID, then the mRID is globally unique.</xs:documentation>
          <xs:documentation>Global uniqeness is easily achived by using a UUID for the mRID. It is strongly recommended to do this.</xs:documentation>
          <xs:documentation>For CIMXML data files the mRID is mapped to rdf:ID or rdf:about attributes that identifies CIM object elements.</xs:documentation>
        </xs:annotation>
      </xs:element>
      <xs:element name="createdDateTime" minOccurs="1" maxOccurs="1" type="xs:dateTime" sawsdl:modelReference="http://iec.ch/TC57/2010/CIM-schema-cim15#ActivityRecord.createdDateTime">
        <xs:annotation>
          <xs:documentation>Date and time this activity record has been created (different from the 'status.dateTime', which is the time of a status change of the associated object, if applicable).</xs:documentation>
        </xs:annotation>
      </xs:element>
      <xs:element name="issuerID" minOccurs="0" maxOccurs="1" type="xs:string" sawsdl:modelReference="http://iec.ch/TC57/2010/CIM-schema-cim15#EndDeviceEvent.issuerID">
        <xs:annotation>
          <xs:documentation>Unique identifier of the business entity originating an end device control.</xs:documentation>
        </xs:annotation>
      </xs:element>
      <xs:element name="issuerTrackingID" minOccurs="0" maxOccurs="1" type="xs:string" sawsdl:modelReference="http://iec.ch/TC57/2010/CIM-schema-cim15#EndDeviceEvent.issuerTrackingID">
        <xs:annotation>
          <xs:documentation>Identifier assigned by the initiator (e.g. retail electric provider) of an end device control action to uniquely identify the demand response event, text message, or other subject of the control action. Can be used when cancelling an event or text message request or to identify the originating event or text message in a consequential end device event.</xs:documentation>
        </xs:annotation>
      </xs:element>
      <xs:element name="reason" minOccurs="0" maxOccurs="1" type="xs:string" sawsdl:modelReference="http://iec.ch/TC57/2010/CIM-schema-cim15#ActivityRecord.reason">
        <xs:annotation>
          <xs:documentation>Reason for event resulting in this activity record, typically supplied when user initiated.</xs:documentation>
        </xs:annotation>
      </xs:element>
      <xs:element name="severity" minOccurs="0" maxOccurs="1" type="xs:string" sawsdl:modelReference="http://iec.ch/TC57/2010/CIM-schema-cim15#ActivityRecord.severity">
        <xs:annotation>
          <xs:documentation>Severity level of event resulting in this activity record.</xs:documentation>
        </xs:annotation>
      </xs:element>
      <xs:element name="userID" minOccurs="0" maxOccurs="1" type="xs:string" sawsdl:modelReference="http://iec.ch/TC57/2010/CIM-schema-cim15#EndDeviceEvent.userID">
        <xs:annotation>
          <xs:documentation>(if user initiated) ID of user who initiated this end device event.</xs:documentation>
        </xs:annotation>
      </xs:element>
      <xs:element name="Assets" minOccurs="0" maxOccurs="1" type="m:Asset" sawsdl:modelReference="http://iec.ch/TC57/2010/CIM-schema-cim15#ActivityRecord.Assets">
        <xs:annotation>
          <xs:documentation>All assets for which this activity record has been created.</xs:documentation>
        </xs:annotation>
      </xs:element>
      <xs:element name="EndDeviceEventDetails" minOccurs="0" maxOccurs="unbounded" type="m:EndDeviceEventDetail" sawsdl:modelReference="http://iec.ch/TC57/2010/CIM-schema-cim15#EndDeviceEvent.EndDeviceEventDetails">
        <xs:annotation>
          <xs:documentation>All details of this end device event.</xs:documentation>
        </xs:annotation>
      </xs:element>
      <xs:element name="EndDeviceEventType" minOccurs="1" maxOccurs="1" sawsdl:modelReference="http://iec.ch/TC57/2010/CIM-schema-cim15#EndDeviceEvent.EndDeviceEventType">
        <xs:annotation>
          <xs:documentation>Type of this end device event.</xs:documentation>
        </xs:annotation>
        <xs:complexType sawsdl:modelReference="">
          <xs:attribute name="ref" type="xs:string"/>
        </xs:complexType>
      </xs:element>
      <xs:element name="Names" minOccurs="0" maxOccurs="unbounded" type="m:Name" sawsdl:modelReference="http://iec.ch/TC57/2010/CIM-schema-cim15#IdentifiedObject.Names">
        <xs:annotation>
          <xs:documentation>All names of this identified object.</xs:documentation>
        </xs:annotation>
      </xs:element>
      <xs:element name="status" minOccurs="0" maxOccurs="1" type="m:Status" sawsdl:modelReference="http://iec.ch/TC57/2010/CIM-schema-cim15#ActivityRecord.status">
        <xs:annotation>
          <xs:documentation>Information on consequence of event resulting in this activity record.</xs:documentation>
        </xs:annotation>
      </xs:element>
      <xs:element name="UsagePoint" minOccurs="0" maxOccurs="1" type="m:UsagePoint" sawsdl:modelReference="http://iec.ch/TC57/2010/CIM-schema-cim15#EndDeviceEvent.UsagePoint">
        <xs:annotation>
          <xs:documentation>Usage point for which this end device event is reported.</xs:documentation>
        </xs:annotation>
      </xs:element>
    </xs:sequence>
  </xs:complexType>
  <xs:complexType name="EndDeviceEventDetail" sawsdl:modelReference="http://iec.ch/TC57/2010/CIM-schema-cim15#EndDeviceEventDetail">
    <xs:annotation>
      <xs:documentation>Name-value pair, specific to end device events.</xs:documentation>
    </xs:annotation>
    <xs:sequence>
      <xs:element name="name" minOccurs="1" maxOccurs="1" type="xs:string" sawsdl:modelReference="http://iec.ch/TC57/2010/CIM-schema-cim15#EndDeviceEventDetail.name">
        <xs:annotation>
          <xs:documentation>Name.</xs:documentation>
        </xs:annotation>
      </xs:element>
      <xs:element name="value" minOccurs="0" maxOccurs="1" type="m:StringQuantity" sawsdl:modelReference="http://iec.ch/TC57/2010/CIM-schema-cim15#EndDeviceEventDetail.value">
        <xs:annotation>
          <xs:documentation>Value, including unit information.</xs:documentation>
        </xs:annotation>
      </xs:element>
    </xs:sequence>
  </xs:complexType>
  <xs:complexType name="EndDeviceEventType" sawsdl:modelReference="http://iec.ch/TC57/2010/CIM-schema-cim15#EndDeviceEventType">
    <xs:annotation>
      <xs:documentation><![CDATA[Detailed description for an event produced by an end device. Values in attributes allow for creation of recommended codes to be used for identifying end device events as follows: &lt;type&gt;.&lt;domain&gt;.&lt;subDomain&gt;.&lt;eventOrAction&gt;.]]]]>><![CDATA[</xs:documentation>
    </xs:annotation>
    <xs:sequence>
      <xs:element name="mRID" minOccurs="0" maxOccurs="1" type="xs:string" sawsdl:modelReference="http://iec.ch/TC57/2010/CIM-schema-cim15#IdentifiedObject.mRID">
        <xs:annotation>
          <xs:documentation>A Model Authority issues mRIDs. Given that each Model Authority has a unique id and this id is part of the mRID, then the mRID is globally unique.</xs:documentation>
          <xs:documentation>Global uniqeness is easily achived by using a UUID for the mRID. It is strongly recommended to do this.</xs:documentation>
          <xs:documentation>For CIMXML data files the mRID is mapped to rdf:ID or rdf:about attributes that identifies CIM object elements.</xs:documentation>
        </xs:annotation>
      </xs:element>
      <xs:element name="domain" minOccurs="0" maxOccurs="1" type="xs:string" sawsdl:modelReference="http://iec.ch/TC57/2010/CIM-schema-cim15#EndDeviceEventType.domain">
        <xs:annotation>
          <xs:documentation>High-level nature of the event. By properly classifying events by a small set of domain codes, a system can more easily run reports based on the types of events that have occurred or been received.</xs:documentation>
        </xs:annotation>
      </xs:element>
      <xs:element name="eventOrAction" minOccurs="0" maxOccurs="1" type="xs:string" sawsdl:modelReference="http://iec.ch/TC57/2010/CIM-schema-cim15#EndDeviceEventType.eventOrAction">
        <xs:annotation>
          <xs:documentation>The most specific part of this event type. It is mainly in the form of a verb that gives action to the event that just occurred.</xs:documentation>
        </xs:annotation>
      </xs:element>
      <xs:element name="subDomain" minOccurs="0" maxOccurs="1" type="xs:string" sawsdl:modelReference="http://iec.ch/TC57/2010/CIM-schema-cim15#EndDeviceEventType.subDomain">
        <xs:annotation>
          <xs:documentation>More specific nature of the event, as a further sub-categorisation of 'domain'.</xs:documentation>
        </xs:annotation>
      </xs:element>
      <xs:element name="type" minOccurs="0" maxOccurs="1" type="xs:string" sawsdl:modelReference="http://iec.ch/TC57/2010/CIM-schema-cim15#EndDeviceEventType.type">
        <xs:annotation>
          <xs:documentation>Type of physical device from which the event was created. A value of zero (0) can be used when the source is unknown.</xs:documentation>
        </xs:annotation>
      </xs:element>
      <xs:element name="Names" minOccurs="1" maxOccurs="unbounded" type="m:Name" sawsdl:modelReference="http://iec.ch/TC57/2010/CIM-schema-cim15#IdentifiedObject.Names">
        <xs:annotation>
          <xs:documentation>All names of this identified object.</xs:documentation>
        </xs:annotation>
      </xs:element>
    </xs:sequence>
  </xs:complexType>
  <xs:complexType name="Name" sawsdl:modelReference="http://iec.ch/TC57/2010/CIM-schema-cim15#Name">
    <xs:annotation>
      <xs:documentation>The Name class provides the means to define any number of human readable  names for an object. A name is &lt;b>not&lt;/b> to be used for defining inter-object relationships. For inter-object relationships instead use the object identification 'mRID'.</xs:documentation>
    </xs:annotation>
    <xs:sequence>
      <xs:element name="name" minOccurs="1" maxOccurs="1" type="xs:string" sawsdl:modelReference="http://iec.ch/TC57/2010/CIM-schema-cim15#Name.name">
        <xs:annotation>
          <xs:documentation>Any free text that name the object.</xs:documentation>
        </xs:annotation>
      </xs:element>
      <xs:element name="NameType" minOccurs="0" maxOccurs="1" type="m:NameType" sawsdl:modelReference="http://iec.ch/TC57/2010/CIM-schema-cim15#Name.NameType">
        <xs:annotation>
          <xs:documentation>Type of this name.</xs:documentation>
        </xs:annotation>
      </xs:element>
    </xs:sequence>
  </xs:complexType>
  <xs:complexType name="NameType" sawsdl:modelReference="http://iec.ch/TC57/2010/CIM-schema-cim15#NameType">
    <xs:annotation>
      <xs:documentation>Type of name. Possible values for attribute 'name' are implementation dependent but standard profiles may specify types. An enterprise may have multiple IT systems each having its own local name for the same object, e.g. a planning system may have different names from an EMS. An object may also have different names within the same IT system, e.g. localName and aliasName as defined in CIM version 14. Their definitions from CIM14 are</xs:documentation>
      <xs:documentation>The localName is a human readable name of the object. It is only used with objects organized in a naming hierarchy. localName: A free text name local to a node in a naming hierarchy similar to a file directory structure. A power system related naming hierarchy may be: Substation, VoltageLevel, Equipment etc. Children of the same parent in such a hierarchy have names that typically are unique among them.</xs:documentation>
      <xs:documentation>aliasName: A free text alternate name typically used in tabular reports where the column width is limited.</xs:documentation>
    </xs:annotation>
    <xs:sequence>
      <xs:element name="description" minOccurs="0" maxOccurs="1" type="xs:string" sawsdl:modelReference="http://iec.ch/TC57/2010/CIM-schema-cim15#NameType.description">
        <xs:annotation>
          <xs:documentation>Description of the name type.</xs:documentation>
        </xs:annotation>
      </xs:element>
      <xs:element name="name" minOccurs="1" maxOccurs="1" type="xs:string" sawsdl:modelReference="http://iec.ch/TC57/2010/CIM-schema-cim15#NameType.name">
        <xs:annotation>
          <xs:documentation>Name of the name type.</xs:documentation>
        </xs:annotation>
      </xs:element>
      <xs:element name="NameTypeAuthority" minOccurs="0" maxOccurs="1" type="m:NameTypeAuthority" sawsdl:modelReference="http://iec.ch/TC57/2010/CIM-schema-cim15#NameType.NameTypeAuthority">
        <xs:annotation>
          <xs:documentation>Authority responsible for managing names of this type.</xs:documentation>
        </xs:annotation>
      </xs:element>
    </xs:sequence>
  </xs:complexType>
  <xs:complexType name="NameTypeAuthority" sawsdl:modelReference="http://iec.ch/TC57/2010/CIM-schema-cim15#NameTypeAuthority">
    <xs:annotation>
      <xs:documentation>Authority responsible for creation and management of names of a given type; typically an organization or an enterprise system.</xs:documentation>
    </xs:annotation>
    <xs:sequence>
      <xs:element name="description" minOccurs="0" maxOccurs="1" type="xs:string" sawsdl:modelReference="http://iec.ch/TC57/2010/CIM-schema-cim15#NameTypeAuthority.description">
        <xs:annotation>
          <xs:documentation>Description of the name type authority.</xs:documentation>
        </xs:annotation>
      </xs:element>
      <xs:element name="name" minOccurs="1" maxOccurs="1" type="xs:string" sawsdl:modelReference="http://iec.ch/TC57/2010/CIM-schema-cim15#NameTypeAuthority.name">
        <xs:annotation>
          <xs:documentation>Name of the name type authority.</xs:documentation>
        </xs:annotation>
      </xs:element>
    </xs:sequence>
  </xs:complexType>
  <xs:complexType name="Status" sawsdl:modelReference="http://iec.ch/TC57/2010/CIM-schema-cim15#Status">
    <xs:annotation>
      <xs:documentation>Current status information relevant to an entity.</xs:documentation>
    </xs:annotation>
    <xs:sequence>
      <xs:element name="dateTime" minOccurs="0" maxOccurs="1" type="xs:dateTime" sawsdl:modelReference="http://iec.ch/TC57/2010/CIM-schema-cim15#Status.dateTime">
        <xs:annotation>
          <xs:documentation>Date and time for which status 'value' applies.</xs:documentation>
        </xs:annotation>
      </xs:element>
      <xs:element name="reason" minOccurs="0" maxOccurs="1" type="xs:string" sawsdl:modelReference="http://iec.ch/TC57/2010/CIM-schema-cim15#Status.reason">
        <xs:annotation>
          <xs:documentation>Reason code or explanation for why an object went to the current status 'value'.</xs:documentation>
        </xs:annotation>
      </xs:element>
      <xs:element name="remark" minOccurs="0" maxOccurs="1" type="xs:string" sawsdl:modelReference="http://iec.ch/TC57/2010/CIM-schema-cim15#Status.remark">
        <xs:annotation>
          <xs:documentation>Pertinent information regarding the current 'value', as free form text.</xs:documentation>
        </xs:annotation>
      </xs:element>
      <xs:element name="value" minOccurs="0" maxOccurs="1" type="xs:string" sawsdl:modelReference="http://iec.ch/TC57/2010/CIM-schema-cim15#Status.value">
        <xs:annotation>
          <xs:documentation>Status value at 'dateTime'; prior status changes may have been kept in instances of activity records associated with the object to which this status applies.</xs:documentation>
        </xs:annotation>
      </xs:element>
    </xs:sequence>
  </xs:complexType>
  <xs:complexType name="UsagePoint" sawsdl:modelReference="http://iec.ch/TC57/2010/CIM-schema-cim15#UsagePoint">
    <xs:annotation>
      <xs:documentation>Logical or physical point in the network to which readings or events may be attributed. Used at the place where a physical or virtual meter may be located; however, it is not required that a meter be present.</xs:documentation>
    </xs:annotation>
    <xs:sequence>
      <xs:element name="mRID" minOccurs="0" maxOccurs="1" type="xs:string" sawsdl:modelReference="http://iec.ch/TC57/2010/CIM-schema-cim15#IdentifiedObject.mRID">
        <xs:annotation>
          <xs:documentation>A Model Authority issues mRIDs. Given that each Model Authority has a unique id and this id is part of the mRID, then the mRID is globally unique.</xs:documentation>
          <xs:documentation>Global uniqeness is easily achived by using a UUID for the mRID. It is strongly recommended to do this.</xs:documentation>
          <xs:documentation>For CIMXML data files the mRID is mapped to rdf:ID or rdf:about attributes that identifies CIM object elements.</xs:documentation>
        </xs:annotation>
      </xs:element>
      <xs:element name="Names" minOccurs="0" maxOccurs="unbounded" type="m:Name" sawsdl:modelReference="http://iec.ch/TC57/2010/CIM-schema-cim15#IdentifiedObject.Names">
        <xs:annotation>
          <xs:documentation>All names of this identified object.</xs:documentation>
        </xs:annotation>
      </xs:element>
    </xs:sequence>
  </xs:complexType>
  <xs:simpleType name="StringQuantity" sawsdl:modelReference="http://iec.ch/TC57/2010/CIM-schema-cim15#StringQuantity">
    <xs:annotation>
      <xs:documentation>Quantity with string value (when it is not important whether it is an integral or a floating point number) and associated unit information.</xs:documentation>
    </xs:annotation>
    <xs:restriction base="xs:string"/>
  </xs:simpleType>
</xs:schema>]]></con:content><con:type>http://www.w3.org/2001/XMLSchema</con:type></con:part></con:definitionCache><con:endpoints><con:endpoint>http://iec.ch/TC57/2017/ReceiveEndDeviceEvents</con:endpoint><con:endpoint>http://localhost:8080/61968-9/create/receiveEndDeviceEvents</con:endpoint></con:endpoints><con:operation isOneWay="false" action="http://iec.ch/TC57/2017/EndDeviceEvents/CreatedEndDeviceEvents" name="CreatedEndDeviceEvents" bindingOperationName="CreatedEndDeviceEvents" type="Request-Response" outputName="CreatedEndDeviceEventsResponse" inputName="CreatedEndDeviceEventsEvent" receivesAttachments="false" sendsAttachments="false" anonymous="optional"><con:settings/><con:call name="Request 1"><con:settings><con:setting id="com.eviware.soapui.impl.wsdl.WsdlRequest@request-headers">&lt;xml-fragment/></con:setting></con:settings><con:encoding>UTF-8</con:encoding><con:endpoint>http://localhost:8080/61968-9/create/receiveEndDeviceEvents</con:endpoint><con:request><![CDATA[<soapenv:Envelope xmlns:soapenv="http://schemas.xmlsoap.org/soap/envelope/" xmlns:end="http://iec.ch/TC57/2017/EndDeviceEventsMessage" xmlns:mes="http://iec.ch/TC57/2011/schema/message" xmlns:end1="http://iec.ch/TC57/2011/EndDeviceEvents#">
   <soapenv:Header/>
   <soapenv:Body>
      <end:CreatedEndDeviceEvents>
         <end:Header>
            <mes:Verb>created</mes:Verb>
            <mes:Noun>EndDeviceEvents</mes:Noun>
            <mes:Timestamp>2017-05-26T10:54:03-06:00</mes:Timestamp>
            <mes:MessageID>93b32316-c752-4092-9969-69ece85105b8</mes:MessageID>
         </end:Header>
         <!--Optional:-->
         <end:Payload>
            <end1:EndDeviceEvents>
               <!--Zero or more repetitions:-->
               <end1:EndDeviceEvent>
                  <!--Optional:-->
                  <end1:mRID>1745b-11983</end1:mRID>
                  <end1:createdDateTime>2017-05-26T10:54:03-06:00</end1:createdDateTime>
               </end1:EndDeviceEvent> 
            </end1:EndDeviceEvents>
         </end:Payload>
      </end:CreatedEndDeviceEvents>
   </soapenv:Body>
</soapenv:Envelope>]]></con:request><con:credentials><con:authType>Global HTTP Settings</con:authType></con:credentials><con:jmsConfig JMSDeliveryMode="PERSISTENT"/><con:jmsPropertyConfig/><con:wsaConfig mustUnderstand="NONE" version="200508" action="http://iec.ch/TC57/2017/EndDeviceEvents/CreatedEndDeviceEvents"/><con:wsrmConfig version="1.2"/></con:call></con:operation></con:interface><con:testSuite name="EndDeviceEvents_Binding TestSuite"><con:settings/><con:runType>SEQUENTIAL</con:runType><con:testCase failOnError="true" failTestCaseOnErrors="true" keepSession="false" maxResults="0" name="CreatedEndDeviceEvents TestCase" searchProperties="true"><con:settings/><con:testStep type="request" name="CreatedEndDeviceEvents"><con:settings/><con:config xsi:type="con:RequestStep" xmlns:xsi="http://www.w3.org/2001/XMLSchema-instance"><con:interface>EndDeviceEvents_Binding</con:interface><con:operation>CreatedEndDeviceEvents</con:operation><con:request name="CreatedEndDeviceEvents"><con:settings><con:setting id="com.eviware.soapui.impl.wsdl.WsdlRequest@request-headers">&lt;xml-fragment/></con:setting></con:settings><con:encoding>UTF-8</con:encoding><con:endpoint>http://localhost:8080/61968-9/create/receiveEndDeviceEvents</con:endpoint><con:request><![CDATA[<soapenv:Envelope xmlns:soapenv="http://schemas.xmlsoap.org/soap/envelope/" xmlns:end="http://iec.ch/TC57/2017/EndDeviceEventsMessage" xmlns:mes="http://iec.ch/TC57/2011/schema/message" xmlns:end1="http://iec.ch/TC57/2011/EndDeviceEvents#">
   <soapenv:Header/>
   <soapenv:Body>
      <end:CreatedEndDeviceEvents>
         <end:Header>
            <mes:Verb>created</mes:Verb>
            <mes:Noun>EndDeviceEvents</mes:Noun>
            <mes:Timestamp>2017-05-26T10:54:03-06:00</mes:Timestamp>
            <mes:MessageID>93b32316-c752-4092-9969-69ece85105b8</mes:MessageID>
         </end:Header>
         <end:Payload>
            <end1:EndDeviceEvents>
               <end1:EndDeviceEvent>
                  <end1:mRID>89172-abf83</end1:mRID>
                  <end1:createdDateTime>2017-05-26T10:54:03-06:00</end1:createdDateTime>
                  <end1:EndDeviceEventType ref="1a7"/>
               </end1:EndDeviceEvent>
            </end1:EndDeviceEvents>
         </end:Payload>
      </end:CreatedEndDeviceEvents>
   </soapenv:Body>
</soapenv:Envelope>]]></con:request><con:credentials><con:authType>Global HTTP Settings</con:authType></con:credentials><con:jmsConfig JMSDeliveryMode="PERSISTENT"/><con:jmsPropertyConfig/><con:wsaConfig action="http://iec.ch/TC57/2017/EndDeviceEvents/CreatedEndDeviceEvents" mustUnderstand="NONE" version="200508"/><con:wsrmConfig version="1.2"/></con:request></con:config></con:testStep><con:properties/></con:testCase><con:properties/></con:testSuite><con:mockService port="8080" path="/" host="benjamins-Mac-mini-3.local" name="MockService 1"><con:settings><con:setting id="com.eviware.soapui.impl.wsdl.mock.WsdlMockService@require-soap-action">false</con:setting></con:settings><con:mockOperation name="CreatedEndDeviceEvents" interface="EndDeviceEvents_Binding" operation="CreatedEndDeviceEvents"><con:settings/><con:dispatchStyle>SEQUENCE</con:dispatchStyle><con:defaultResponse>Response 1</con:defaultResponse><con:response name="Response 1" encoding="UTF-8"><con:settings/><con:responseContent><![CDATA[<soapenv:Envelope xmlns:soapenv="http://schemas.xmlsoap.org/soap/envelope/" xmlns:end="http://iec.ch/TC57/2017/EndDeviceEventsMessage" xmlns:mes="http://iec.ch/TC57/2011/schema/message" xmlns:end1="http://iec.ch/TC57/2011/EndDeviceEvents#">
   <soapenv:Header/>
   <soapenv:Body>
      <end:EndDeviceEventsResponseMessage>
         <end:Header>
            <mes:Verb>?</mes:Verb>
            <mes:Noun>?</mes:Noun>
            <!--Optional:-->
            <mes:Revision>?</mes:Revision>
            <!--Optional:-->
            <mes:ReplayDetection>
               <mes:Nonce>?</mes:Nonce>
               <mes:Created>?</mes:Created>
            </mes:ReplayDetection>
            <!--Optional:-->
            <mes:Context>?</mes:Context>
            <!--Optional:-->
            <mes:Timestamp>?</mes:Timestamp>
            <!--Optional:-->
            <mes:Source>?</mes:Source>
            <!--Optional:-->
            <mes:AsyncReplyFlag>?</mes:AsyncReplyFlag>
            <!--Optional:-->
            <mes:ReplyAddress>?</mes:ReplyAddress>
            <!--Optional:-->
            <mes:AckRequired>?</mes:AckRequired>
            <!--Optional:-->
            <mes:User>
               <mes:UserID>?</mes:UserID>
               <!--Optional:-->
               <mes:Organization>?</mes:Organization>
            </mes:User>
            <!--Optional:-->
            <mes:MessageID>?</mes:MessageID>
            <!--Optional:-->
            <mes:CorrelationID>?</mes:CorrelationID>
            <!--Optional:-->
            <mes:Comment>?</mes:Comment>
            <!--Zero or more repetitions:-->
            <mes:Property>
               <mes:Name>?</mes:Name>
               <!--Optional:-->
               <mes:Value>?</mes:Value>
            </mes:Property>
            <!--You may enter ANY elements at this point-->
         </end:Header>
         <end:Reply>
            <mes:Result>?</mes:Result>
            <!--Zero or more repetitions:-->
            <mes:Error>
               <mes:code>?</mes:code>
               <!--Optional:-->
               <mes:level>?</mes:level>
               <!--Optional:-->
               <mes:reason>?</mes:reason>
               <!--Optional:-->
               <mes:details>?</mes:details>
               <!--Optional:-->
               <mes:xpath>?</mes:xpath>
               <!--Optional:-->
               <mes:stackTrace>?</mes:stackTrace>
               <!--Optional:-->
               <mes:Location>
                  <!--Optional:-->
                  <mes:node>?</mes:node>
                  <!--Optional:-->
                  <mes:pipeline>?</mes:pipeline>
                  <!--Optional:-->
                  <mes:stage>?</mes:stage>
               </mes:Location>
               <!--Optional:-->
               <mes:ID idType="?" idAuthority="?" kind="?" objectType="?">?</mes:ID>
               <!--Optional:-->
               <mes:relatedID idType="?" idAuthority="?" kind="?" objectType="?">?</mes:relatedID>
               <!--Optional:-->
               <mes:object>
                  <!--Optional:-->
                  <mes:mRID>?</mes:mRID>
                  <!--Zero or more repetitions:-->
                  <mes:Name>
                     <mes:name>?</mes:name>
                     <!--Optional:-->
                     <mes:NameType>
                        <mes:name>?</mes:name>
                        <!--Optional:-->
                        <mes:description>?</mes:description>
                        <!--Optional:-->
                        <mes:NameTypeAuthority>
                           <mes:name>?</mes:name>
                           <!--Optional:-->
                           <mes:description>?</mes:description>
                        </mes:NameTypeAuthority>
                     </mes:NameType>
                  </mes:Name>
                  <!--Optional:-->
                  <mes:objectType>?</mes:objectType>
               </mes:object>
               <!--Optional:-->
               <mes:operationId>?</mes:operationId>
            </mes:Error>
            <!--Zero or more repetitions:-->
            <mes:ID idType="?" idAuthority="?" kind="?" objectType="?">?</mes:ID>
            <!--You may enter ANY elements at this point-->
            <!--Optional:-->
            <mes:operationId>?</mes:operationId>
         </end:Reply>
         <!--Optional:-->
         <end:Payload>
            <end1:EndDeviceEvents>
               <!--Zero or more repetitions:-->
               <end1:EndDeviceEvent>
                  <!--Optional:-->
                  <end1:mRID>?</end1:mRID>
                  <end1:createdDateTime>?</end1:createdDateTime>
                  <!--Optional:-->
                  <end1:issuerID>?</end1:issuerID>
                  <!--Optional:-->
                  <end1:issuerTrackingID>?</end1:issuerTrackingID>
                  <!--Optional:-->
                  <end1:reason>?</end1:reason>
                  <!--Optional:-->
                  <end1:severity>?</end1:severity>
                  <!--Optional:-->
                  <end1:userID>?</end1:userID>
                  <!--Optional:-->
                  <end1:Assets>
                     <!--Optional:-->
                     <end1:mRID>?</end1:mRID>
                     <!--Zero or more repetitions:-->
                     <end1:Names>
                        <end1:name>?</end1:name>
                        <!--Optional:-->
                        <end1:NameType>
                           <!--Optional:-->
                           <end1:description>?</end1:description>
                           <end1:name>?</end1:name>
                           <!--Optional:-->
                           <end1:NameTypeAuthority>
                              <!--Optional:-->
                              <end1:description>?</end1:description>
                              <end1:name>?</end1:name>
                           </end1:NameTypeAuthority>
                        </end1:NameType>
                     </end1:Names>
                  </end1:Assets>
                  <!--Zero or more repetitions:-->
                  <end1:EndDeviceEventDetails>
                     <end1:name>?</end1:name>
                     <!--Optional:-->
                     <end1:value>?</end1:value>
                  </end1:EndDeviceEventDetails>
                  <end1:EndDeviceEventType ref="?"/>
                  <!--Zero or more repetitions:-->
                  <end1:Names>
                     <end1:name>?</end1:name>
                     <!--Optional:-->
                     <end1:NameType>
                        <!--Optional:-->
                        <end1:description>?</end1:description>
                        <end1:name>?</end1:name>
                        <!--Optional:-->
                        <end1:NameTypeAuthority>
                           <!--Optional:-->
                           <end1:description>?</end1:description>
                           <end1:name>?</end1:name>
                        </end1:NameTypeAuthority>
                     </end1:NameType>
                  </end1:Names>
                  <!--Optional:-->
                  <end1:status>
                     <!--Optional:-->
                     <end1:dateTime>?</end1:dateTime>
                     <!--Optional:-->
                     <end1:reason>?</end1:reason>
                     <!--Optional:-->
                     <end1:remark>?</end1:remark>
                     <!--Optional:-->
                     <end1:value>?</end1:value>
                  </end1:status>
                  <!--Optional:-->
                  <end1:UsagePoint>
                     <!--Optional:-->
                     <end1:mRID>?</end1:mRID>
                     <!--Zero or more repetitions:-->
                     <end1:Names>
                        <end1:name>?</end1:name>
                        <!--Optional:-->
                        <end1:NameType>
                           <!--Optional:-->
                           <end1:description>?</end1:description>
                           <end1:name>?</end1:name>
                           <!--Optional:-->
                           <end1:NameTypeAuthority>
                              <!--Optional:-->
                              <end1:description>?</end1:description>
                              <end1:name>?</end1:name>
                           </end1:NameTypeAuthority>
                        </end1:NameType>
                     </end1:Names>
                  </end1:UsagePoint>
               </end1:EndDeviceEvent>
               <!--Zero or more repetitions:-->
               <end1:EndDeviceEventType>
                  <!--Optional:-->
                  <end1:mRID>?</end1:mRID>
                  <!--Optional:-->
                  <end1:domain>?</end1:domain>
                  <!--Optional:-->
                  <end1:eventOrAction>?</end1:eventOrAction>
                  <!--Optional:-->
                  <end1:subDomain>?</end1:subDomain>
                  <!--Optional:-->
                  <end1:type>?</end1:type>
                  <!--1 or more repetitions:-->
                  <end1:Names>
                     <end1:name>?</end1:name>
                     <!--Optional:-->
                     <end1:NameType>
                        <!--Optional:-->
                        <end1:description>?</end1:description>
                        <end1:name>?</end1:name>
                        <!--Optional:-->
                        <end1:NameTypeAuthority>
                           <!--Optional:-->
                           <end1:description>?</end1:description>
                           <end1:name>?</end1:name>
                        </end1:NameTypeAuthority>
                     </end1:NameType>
                  </end1:Names>
               </end1:EndDeviceEventType>
            </end1:EndDeviceEvents>
            <!--Optional:-->
            <end:OperationSet>
               <!--Optional:-->
               <mes:enforceMsgSequence>?</mes:enforceMsgSequence>
               <!--Optional:-->
               <mes:enforceTransactionalIntegrity>?</mes:enforceTransactionalIntegrity>
               <!--Zero or more repetitions:-->
               <mes:Operation>
                  <mes:operationId>?</mes:operationId>
                  <!--Optional:-->
                  <mes:noun>?</mes:noun>
                  <!--Optional:-->
                  <mes:verb>?</mes:verb>
                  <!--Optional:-->
                  <mes:elementOperation>false</mes:elementOperation>
                  <!--You may enter ANY elements at this point-->
               </mes:Operation>
            </end:OperationSet>
            <!--Optional:-->
            <end:Compressed>?</end:Compressed>
            <!--Optional:-->
            <end:Format>?</end:Format>
         </end:Payload>
      </end:EndDeviceEventsResponseMessage>
   </soapenv:Body>
</soapenv:Envelope>]]></con:responseContent><con:wsaConfig mustUnderstand="NONE" version="200508" action="http://iec.ch/TC57/2017/EndDeviceEvents/CreatedEndDeviceEvents"/></con:response><con:dispatchConfig/></con:mockOperation><con:properties/></con:mockService><con:properties/><con:wssContainer/></con:soapui-project>